date,account_no,period,loan_availed,cost_avail,rate,emi,os_principal,os_interest,fair_value,coupon,discount_factor,col_1,col_2,col_3
2020-11-01,AA12,1,5000000,50000,0.08,41822,0,0,0,0,0,0,0,0
2020-12-01,AA12,2,5000000,50000,0.08,41822,0,0,0,0,0,0,0,0
2021-01-01,AA12,3,5000000,50000,0.08,41822,0,0,0,0,0,0,0,0
2021-02-01,AA12,4,5000000,50000,0.08,41822,0,0,0,0,0,0,0,0
2021-03-01,AA12,5,5000000,50000,0.08,41822,0,0,0,0,0,0,0,0
2021-04-01,AA12,6,5000000,50000,0.08,41822,0,0,0,0,0,0,0,0
2021-05-01,AA12,7,5000000,50000,0.08,41822,0,0,0,0,0,0,0,0
2021-06-01,AA12,8,5000000,50000,0.08,41822,0,0,0,0,0,0,0,0
2021-07-01,AA12,9,5000000,50000,0.08,41822,0,0,0,0,0,0,0,0
2021-08-01,AA12,10,5000000,50000,0.08,41822,0,0,0,0,0,0,0,0
2021-09-01,AA12,11,5000000,50000,0.08,41822,0,0,0,0,0,0,0,0
2021-10-01,AA12,12,5000000,50000,0.08,41822,0,0,0,0,0,0,0,0
2021-11-01,AA12,13,5000000,50000,0.08,41822,0,0,0,0,0,0,0,0
2021-12-01,AA12,14,5000000,50000,0.08,41822,0,0,0,0,0,0,0,0
2022-01-01,AA12,15,5000000,50000,0.08,41822,0,0,0,0,0,0,0,0
2022-02-01,AA12,16,5000000,50000,0.08,41822,0,0,0,0,0,0,0,0
2022-03-01,AA12,17,5000000,50000,0.08,41822,0,0,0,0,0,0,0,0
2022-04-01,AA12,18,5000000,50000,0.08,41822,0,0,0,0,0,0,0,0
2022-05-01,AA12,19,5000000,50000,0.08,41822,0,0,0,0,0,0,0,0
2022-06-01,AA12,20,5000000,50000,0.08,41822,0,0,0,0,0,0,0,0
2022-07-01,AA12,21,5000000,50000,0.08,41822,0,0,0,0,0,0,0,0
2022-08-01,AA12,22,5000000,50000,0.08,41822,0,0,0,0,0,0,0,0
2022-09-01,AA12,23,5000000,50000,0.08,41822,0,0,0,0,0,0,0,0
2022-10-01,AA12,24,5000000,50000,0.08,41822,0,0,0,0,0,0,0,0
2022-11-01,AA12,25,5000000,50000,0.08,41822,0,0,0,0,0,0,0,0
2022-12-01,AA12,26,5000000,50000,0.08,41822,0,0,0,0,0,0,0,0
2023-01-01,AA12,27,5000000,50000,0.08,41822,0,0,0,0,0,0,0,0
2023-02-01,AA12,28,5000000,50000,0.08,41822,0,0,0,0,0,0,0,0
2023-03-01,AA12,29,5000000,50000,0.08,41822,0,0,0,0,0,0,0,0
2023-04-01,AA12,30,5000000,50000,0.08,41822,0,0,0,0,0,0,0,0
2023-05-01,AA12,31,5000000,50000,0.08,41822,0,0,0,0,0,0,0,0
2023-06-01,AA12,32,5000000,50000,0.08,41822,0,0,0,0,0,0,0,0
2023-07-01,AA12,33,5000000,50000,0.08,41822,0,0,0,0,0,0,0,0
2023-08-01,AA12,34,5000000,50000,0.08,41822,0,0,0,0,0,0,0,0
2023-09-01,AA12,35,5000000,50000,0.08,41822,0,0,0,0,0,0,0,0
2023-10-01,AA12,36,5000000,50000,0.08,41822,0,0,0,0,0,0,0,0
2023-11-01,AA12,37,5000000,50000,0.08,41822,0,0,0,0,0,0,0,0
2023-12-01,AA12,38,5000000,50000,0.08,41822,0,0,0,0,0,0,0,0
2024-01-01,AA12,39,5000000,50000,0.08,41822,0,0,0,0,0,0,0,0
2024-02-01,AA12,40,5000000,50000,0.08,41822,0,0,0,0,0,0,0,0
2024-03-01,AA12,41,5000000,50000,0.08,41822,0,0,0,0,0,0,0,0
2024-04-01,AA12,42,5000000,50000,0.08,41822,0,0,0,0,0,0,0,0
2024-05-01,AA12,43,5000000,50000,0.08,41822,0,0,0,0,0,0,0,0
2024-06-01,AA12,44,5000000,50000,0.08,41822,0,0,0,0,0,0,0,0
2024-07-01,AA12,45,5000000,50000,0.08,41822,0,0,0,0,0,0,0,0
2024-08-01,AA12,46,5000000,50000,0.08,41822,0,0,0,0,0,0,0,0
2024-09-01,AA12,47,5000000,50000,0.08,41822,0,0,0,0,0,0,0,0
2024-10-01,AA12,48,5000000,50000,0.08,41822,0,0,0,0,0,0,0,0
2024-11-01,AA12,49,5000000,50000,0.08,41822,0,0,0,0,0,0,0,0
2024-12-01,AA12,50,5000000,50000,0.08,41822,0,0,0,0,0,0,0,0
2025-01-01,AA12,51,5000000,50000,0.08,41822,0,0,0,0,0,0,0,0
2025-02-01,AA12,52,5000000,50000,0.08,41822,0,0,0,0,0,0,0,0
2025-03-01,AA12,53,5000000,50000,0.08,41822,0,0,0,0,0,0,0,0
2025-04-01,AA12,54,5000000,50000,0.08,41822,0,0,0,0,0,0,0,0
2025-05-01,AA12,55,5000000,50000,0.08,41822,0,0,0,0,0,0,0,0
2025-06-01,AA12,56,5000000,50000,0.08,41822,0,0,0,0,0,0,0,0
2025-07-01,AA12,57,5000000,50000,0.08,41822,0,0,0,0,0,0,0,0
2025-08-01,AA12,58,5000000,50000,0.08,41822,0,0,0,0,0,0,0,0
2025-09-01,AA12,59,5000000,50000,0.08,41822,0,0,0,0,0,0,0,0
2025-10-01,AA12,60,5000000,50000,0.08,41822,0,0,0,0,0,0,0,0
2025-11-01,AA12,61,5000000,50000,0.08,41822,0,0,0,0,0,0,0,0
2025-12-01,AA12,62,5000000,50000,0.08,41822,0,0,0,0,0,0,0,0
2026-01-01,AA12,63,5000000,50000,0.08,41822,0,0,0,0,0,0,0,0
2026-02-01,AA12,64,5000000,50000,0.08,41822,0,0,0,0,0,0,0,0
2026-03-01,AA12,65,5000000,50000,0.08,41822,0,0,0,0,0,0,0,0
2026-04-01,AA12,66,5000000,50000,0.08,41822,0,0,0,0,0,0,0,0
2026-05-01,AA12,67,5000000,50000,0.08,41822,0,0,0,0,0,0,0,0
2026-06-01,AA12,68,5000000,50000,0.08,41822,0,0,0,0,0,0,0,0
2026-07-01,AA12,69,5000000,50000,0.08,41822,0,0,0,0,0,0,0,0
2026-08-01,AA12,70,5000000,50000,0.08,41822,0,0,0,0,0,0,0,0
2026-09-01,AA12,71,5000000,50000,0.08,41822,0,0,0,0,0,0,0,0
2026-10-01,AA12,72,5000000,50000,0.08,41822,0,0,0,0,0,0,0,0
2026-11-01,AA12,73,5000000,50000,0.08,41822,0,0,0,0,0,0,0,0
2026-12-01,AA12,74,5000000,50000,0.08,41822,0,0,0,0,0,0,0,0
2027-01-01,AA12,75,5000000,50000,0.08,41822,0,0,0,0,0,0,0,0
2027-02-01,AA12,76,5000000,50000,0.08,41822,0,0,0,0,0,0,0,0
2027-03-01,AA12,77,5000000,50000,0.08,41822,0,0,0,0,0,0,0,0
2027-04-01,AA12,78,5000000,50000,0.08,41822,0,0,0,0,0,0,0,0
2027-05-01,AA12,79,5000000,50000,0.08,41822,0,0,0,0,0,0,0,0
2027-06-01,AA12,80,5000000,50000,0.08,41822,0,0,0,0,0,0,0,0
2027-07-01,AA12,81,5000000,50000,0.08,41822,0,0,0,0,0,0,0,0
2027-08-01,AA12,82,5000000,50000,0.08,41822,0,0,0,0,0,0,0,0
2027-09-01,AA12,83,5000000,50000,0.08,41822,0,0,0,0,0,0,0,0
2027-10-01,AA12,84,5000000,50000,0.08,41822,0,0,0,0,0,0,0,0
2027-11-01,AA12,85,5000000,50000,0.08,41822,0,0,0,0,0,0,0,0
2027-12-01,AA12,86,5000000,50000,0.08,41822,0,0,0,0,0,0,0,0
2028-01-01,AA12,87,5000000,50000,0.08,41822,0,0,0,0,0,0,0,0
2028-02-01,AA12,88,5000000,50000,0.08,41822,0,0,0,0,0,0,0,0
2028-03-01,AA12,89,5000000,50000,0.08,41822,0,0,0,0,0,0,0,0
2028-04-01,AA12,90,5000000,50000,0.08,41822,0,0,0,0,0,0,0,0
2028-05-01,AA12,91,5000000,50000,0.08,41822,0,0,0,0,0,0,0,0
2028-06-01,AA12,92,5000000,50000,0.08,41822,0,0,0,0,0,0,0,0
2028-07-01,AA12,93,5000000,50000,0.08,41822,0,0,0,0,0,0,0,0
2028-08-01,AA12,94,5000000,50000,0.08,41822,0,0,0,0,0,0,0,0
2028-09-01,AA12,95,5000000,50000,0.08,41822,0,0,0,0,0,0,0,0
2028-10-01,AA12,96,5000000,50000,0.08,41822,0,0,0,0,0,0,0,0
2028-11-01,AA12,97,5000000,50000,0.08,41822,0,0,0,0,0,0,0,0
2028-12-01,AA12,98,5000000,50000,0.08,41822,0,0,0,0,0,0,0,0
2029-01-01,AA12,99,5000000,50000,0.08,41822,0,0,0,0,0,0,0,0
2029-02-01,AA12,100,5000000,50000,0.08,41822,0,0,0,0,0,0,0,0
2029-03-01,AA12,101,5000000,50000,0.08,41822,0,0,0,0,0,0,0,0
2029-04-01,AA12,102,5000000,50000,0.08,41822,0,0,0,0,0,0,0,0
2029-05-01,AA12,103,5000000,50000,0.08,41822,0,0,0,0,0,0,0,0
2029-06-01,AA12,104,5000000,50000,0.08,41822,0,0,0,0,0,0,0,0
2029-07-01,AA12,105,5000000,50000,0.08,41822,0,0,0,0,0,0,0,0
2029-08-01,AA12,106,5000000,50000,0.08,41822,0,0,0,0,0,0,0,0
2029-09-01,AA12,107,5000000,50000,0.08,41822,0,0,0,0,0,0,0,0
2029-10-01,AA12,108,5000000,50000,0.08,41822,0,0,0,0,0,0,0,0
2029-11-01,AA12,109,5000000,50000,0.08,41822,0,0,0,0,0,0,0,0
2029-12-01,AA12,110,5000000,50000,0.08,41822,0,0,0,0,0,0,0,0
2030-01-01,AA12,111,5000000,50000,0.08,41822,0,0,0,0,0,0,0,0
2030-02-01,AA12,112,5000000,50000,0.08,41822,0,0,0,0,0,0,0,0
2030-03-01,AA12,113,5000000,50000,0.08,41822,0,0,0,0,0,0,0,0
2030-04-01,AA12,114,5000000,50000,0.08,41822,0,0,0,0,0,0,0,0
2030-05-01,AA12,115,5000000,50000,0.08,41822,0,0,0,0,0,0,0,0
2030-06-01,AA12,116,5000000,50000,0.08,41822,0,0,0,0,0,0,0,0
2030-07-01,AA12,117,5000000,50000,0.08,41822,0,0,0,0,0,0,0,0
2030-08-01,AA12,118,5000000,50000,0.08,41822,0,0,0,0,0,0,0,0
2030-09-01,AA12,119,5000000,50000,0.08,41822,0,0,0,0,0,0,0,0
2030-10-01,AA12,120,5000000,50000,0.08,41822,0,0,0,0,0,0,0,0
2030-11-01,AA12,121,5000000,50000,0.08,41822,0,0,0,0,0,0,0,0
2030-12-01,AA12,122,5000000,50000,0.08,41822,0,0,0,0,0,0,0,0
2031-01-01,AA12,123,5000000,50000,0.08,41822,0,0,0,0,0,0,0,0
2031-02-01,AA12,124,5000000,50000,0.08,41822,0,0,0,0,0,0,0,0
2031-03-01,AA12,125,5000000,50000,0.08,41822,0,0,0,0,0,0,0,0
2031-04-01,AA12,126,5000000,50000,0.08,41822,0,0,0,0,0,0,0,0
2031-05-01,AA12,127,5000000,50000,0.08,41822,0,0,0,0,0,0,0,0
2031-06-01,AA12,128,5000000,50000,0.08,41822,0,0,0,0,0,0,0,0
2031-07-01,AA12,129,5000000,50000,0.08,41822,0,0,0,0,0,0,0,0
2031-08-01,AA12,130,5000000,50000,0.08,41822,0,0,0,0,0,0,0,0
2031-09-01,AA12,131,5000000,50000,0.08,41822,0,0,0,0,0,0,0,0
2031-10-01,AA12,132,5000000,50000,0.08,41822,0,0,0,0,0,0,0,0
2031-11-01,AA12,133,5000000,50000,0.08,41822,0,0,0,0,0,0,0,0
2031-12-01,AA12,134,5000000,50000,0.08,41822,0,0,0,0,0,0,0,0
2032-01-01,AA12,135,5000000,50000,0.08,41822,0,0,0,0,0,0,0,0
2032-02-01,AA12,136,5000000,50000,0.08,41822,0,0,0,0,0,0,0,0
2032-03-01,AA12,137,5000000,50000,0.08,41822,0,0,0,0,0,0,0,0
2032-04-01,AA12,138,5000000,50000,0.08,41822,0,0,0,0,0,0,0,0
2032-05-01,AA12,139,5000000,50000,0.08,41822,0,0,0,0,0,0,0,0
2032-06-01,AA12,140,5000000,50000,0.08,41822,0,0,0,0,0,0,0,0
2032-07-01,AA12,141,5000000,50000,0.08,41822,0,0,0,0,0,0,0,0
2032-08-01,AA12,142,5000000,50000,0.08,41822,0,0,0,0,0,0,0,0
2032-09-01,AA12,143,5000000,50000,0.08,41822,0,0,0,0,0,0,0,0
2032-10-01,AA12,144,5000000,50000,0.08,41822,0,0,0,0,0,0,0,0
2032-11-01,AA12,145,5000000,50000,0.08,41822,0,0,0,0,0,0,0,0
2032-12-01,AA12,146,5000000,50000,0.08,41822,0,0,0,0,0,0,0,0
2033-01-01,AA12,147,5000000,50000,0.08,41822,0,0,0,0,0,0,0,0
2033-02-01,AA12,148,5000000,50000,0.08,41822,0,0,0,0,0,0,0,0
2033-03-01,AA12,149,5000000,50000,0.08,41822,0,0,0,0,0,0,0,0
2033-04-01,AA12,150,5000000,50000,0.08,41822,0,0,0,0,0,0,0,0
2033-05-01,AA12,151,5000000,50000,0.08,41822,0,0,0,0,0,0,0,0
2033-06-01,AA12,152,5000000,50000,0.08,41822,0,0,0,0,0,0,0,0
2033-07-01,AA12,153,5000000,50000,0.08,41822,0,0,0,0,0,0,0,0
2033-08-01,AA12,154,5000000,50000,0.08,41822,0,0,0,0,0,0,0,0
2033-09-01,AA12,155,5000000,50000,0.08,41822,0,0,0,0,0,0,0,0
2033-10-01,AA12,156,5000000,50000,0.08,41822,0,0,0,0,0,0,0,0
2033-11-01,AA12,157,5000000,50000,0.08,41822,0,0,0,0,0,0,0,0
2033-12-01,AA12,158,5000000,50000,0.08,41822,0,0,0,0,0,0,0,0
2034-01-01,AA12,159,5000000,50000,0.08,41822,0,0,0,0,0,0,0,0
2034-02-01,AA12,160,5000000,50000,0.08,41822,0,0,0,0,0,0,0,0
2034-03-01,AA12,161,5000000,50000,0.08,41822,0,0,0,0,0,0,0,0
2034-04-01,AA12,162,5000000,50000,0.08,41822,0,0,0,0,0,0,0,0
2034-05-01,AA12,163,5000000,50000,0.08,41822,0,0,0,0,0,0,0,0
2034-06-01,AA12,164,5000000,50000,0.08,41822,0,0,0,0,0,0,0,0
2034-07-01,AA12,165,5000000,50000,0.08,41822,0,0,0,0,0,0,0,0
2034-08-01,AA12,166,5000000,50000,0.08,41822,0,0,0,0,0,0,0,0
2034-09-01,AA12,167,5000000,50000,0.08,41822,0,0,0,0,0,0,0,0
2034-10-01,AA12,168,5000000,50000,0.08,41822,0,0,0,0,0,0,0,0
2034-11-01,AA12,169,5000000,50000,0.08,41822,0,0,0,0,0,0,0,0
2034-12-01,AA12,170,5000000,50000,0.08,41822,0,0,0,0,0,0,0,0
2035-01-01,AA12,171,5000000,50000,0.08,41822,0,0,0,0,0,0,0,0
2035-02-01,AA12,172,5000000,50000,0.08,41822,0,0,0,0,0,0,0,0
2035-03-01,AA12,173,5000000,50000,0.08,41822,0,0,0,0,0,0,0,0
2035-04-01,AA12,174,5000000,50000,0.08,41822,0,0,0,0,0,0,0,0
2035-05-01,AA12,175,5000000,50000,0.08,41822,0,0,0,0,0,0,0,0
2035-06-01,AA12,176,5000000,50000,0.08,41822,0,0,0,0,0,0,0,0
2035-07-01,AA12,177,5000000,50000,0.08,41822,0,0,0,0,0,0,0,0
2035-08-01,AA12,178,5000000,50000,0.08,41822,0,0,0,0,0,0,0,0
2035-09-01,AA12,179,5000000,50000,0.08,41822,0,0,0,0,0,0,0,0
2035-10-01,AA12,180,5000000,50000,0.08,41822,0,0,0,0,0,0,0,0
2035-11-01,AA12,181,5000000,50000,0.08,41822,0,0,0,0,0,0,0,0
2035-12-01,AA12,182,5000000,50000,0.08,41822,0,0,0,0,0,0,0,0
2036-01-01,AA12,183,5000000,50000,0.08,41822,0,0,0,0,0,0,0,0
2036-02-01,AA12,184,5000000,50000,0.08,41822,0,0,0,0,0,0,0,0
2036-03-01,AA12,185,5000000,50000,0.08,41822,0,0,0,0,0,0,0,0
2036-04-01,AA12,186,5000000,50000,0.08,41822,0,0,0,0,0,0,0,0
2036-05-01,AA12,187,5000000,50000,0.08,41822,0,0,0,0,0,0,0,0
2036-06-01,AA12,188,5000000,50000,0.08,41822,0,0,0,0,0,0,0,0
2036-07-01,AA12,189,5000000,50000,0.08,41822,0,0,0,0,0,0,0,0
2036-08-01,AA12,190,5000000,50000,0.08,41822,0,0,0,0,0,0,0,0
2036-09-01,AA12,191,5000000,50000,0.08,41822,0,0,0,0,0,0,0,0
2036-10-01,AA12,192,5000000,50000,0.08,41822,0,0,0,0,0,0,0,0
2036-11-01,AA12,193,5000000,50000,0.08,41822,0,0,0,0,0,0,0,0
2036-12-01,AA12,194,5000000,50000,0.08,41822,0,0,0,0,0,0,0,0
2037-01-01,AA12,195,5000000,50000,0.08,41822,0,0,0,0,0,0,0,0
2037-02-01,AA12,196,5000000,50000,0.08,41822,0,0,0,0,0,0,0,0
2037-03-01,AA12,197,5000000,50000,0.08,41822,0,0,0,0,0,0,0,0
2037-04-01,AA12,198,5000000,50000,0.08,41822,0,0,0,0,0,0,0,0
2037-05-01,AA12,199,5000000,50000,0.08,41822,0,0,0,0,0,0,0,0
2037-06-01,AA12,200,5000000,50000,0.08,41822,0,0,0,0,0,0,0,0
2037-07-01,AA12,201,5000000,50000,0.08,41822,0,0,0,0,0,0,0,0
2037-08-01,AA12,202,5000000,50000,0.08,41822,0,0,0,0,0,0,0,0
2037-09-01,AA12,203,5000000,50000,0.08,41822,0,0,0,0,0,0,0,0
2037-10-01,AA12,204,5000000,50000,0.08,41822,0,0,0,0,0,0,0,0
2037-11-01,AA12,205,5000000,50000,0.08,41822,0,0,0,0,0,0,0,0
2037-12-01,AA12,206,5000000,50000,0.08,41822,0,0,0,0,0,0,0,0
2038-01-01,AA12,207,5000000,50000,0.08,41822,0,0,0,0,0,0,0,0
2038-02-01,AA12,208,5000000,50000,0.08,41822,0,0,0,0,0,0,0,0
2038-03-01,AA12,209,5000000,50000,0.08,41822,0,0,0,0,0,0,0,0
2038-04-01,AA12,210,5000000,50000,0.08,41822,0,0,0,0,0,0,0,0
2038-05-01,AA12,211,5000000,50000,0.08,41822,0,0,0,0,0,0,0,0
2038-06-01,AA12,212,5000000,50000,0.08,41822,0,0,0,0,0,0,0,0
2038-07-01,AA12,213,5000000,50000,0.08,41822,0,0,0,0,0,0,0,0
2038-08-01,AA12,214,5000000,50000,0.08,41822,0,0,0,0,0,0,0,0
2038-09-01,AA12,215,5000000,50000,0.08,41822,0,0,0,0,0,0,0,0
2038-10-01,AA12,216,5000000,50000,0.08,41822,0,0,0,0,0,0,0,0
2038-11-01,AA12,217,5000000,50000,0.08,41822,0,0,0,0,0,0,0,0
2038-12-01,AA12,218,5000000,50000,0.08,41822,0,0,0,0,0,0,0,0
2039-01-01,AA12,219,5000000,50000,0.08,41822,0,0,0,0,0,0,0,0
2039-02-01,AA12,220,5000000,50000,0.08,41822,0,0,0,0,0,0,0,0
2039-03-01,AA12,221,5000000,50000,0.08,41822,0,0,0,0,0,0,0,0
2039-04-01,AA12,222,5000000,50000,0.08,41822,0,0,0,0,0,0,0,0
2039-05-01,AA12,223,5000000,50000,0.08,41822,0,0,0,0,0,0,0,0
2039-06-01,AA12,224,5000000,50000,0.08,41822,0,0,0,0,0,0,0,0
2039-07-01,AA12,225,5000000,50000,0.08,41822,0,0,0,0,0,0,0,0
2039-08-01,AA12,226,5000000,50000,0.08,41822,0,0,0,0,0,0,0,0
2039-09-01,AA12,227,5000000,50000,0.08,41822,0,0,0,0,0,0,0,0
2039-10-01,AA12,228,5000000,50000,0.08,41822,0,0,0,0,0,0,0,0
2039-11-01,AA12,229,5000000,50000,0.08,41822,0,0,0,0,0,0,0,0
2039-12-01,AA12,230,5000000,50000,0.08,41822,0,0,0,0,0,0,0,0
2040-01-01,AA12,231,5000000,50000,0.08,41822,0,0,0,0,0,0,0,0
2040-02-01,AA12,232,5000000,50000,0.08,41822,0,0,0,0,0,0,0,0
2040-03-01,AA12,233,5000000,50000,0.08,41822,0,0,0,0,0,0,0,0
2040-04-01,AA12,234,5000000,50000,0.08,41822,0,0,0,0,0,0,0,0
2040-05-01,AA12,235,5000000,50000,0.08,41822,0,0,0,0,0,0,0,0
2040-06-01,AA12,236,5000000,50000,0.08,41822,0,0,0,0,0,0,0,0
2040-07-01,AA12,237,5000000,50000,0.08,41822,0,0,0,0,0,0,0,0
2040-08-01,AA12,238,5000000,50000,0.08,41822,0,0,0,0,0,0,0,0
2040-09-01,AA12,239,5000000,50000,0.08,41822,0,0,0,0,0,0,0,0
2040-10-01,AA12,240,5000000,50000,0.08,41822,0,0,0,0,0,0,0,0
2020-11-01,AA13,1,5000000,50000,0.08,41822,0,0,0,0,0,0,0,0
2020-12-01,AA13,2,5000000,50000,0.08,41822,0,0,0,0,0,0,0,0
2021-01-01,AA13,3,5000000,50000,0.08,41822,0,0,0,0,0,0,0,0
2021-02-01,AA13,4,5000000,50000,0.08,41822,0,0,0,0,0,0,0,0
2021-03-01,AA13,5,5000000,50000,0.08,41822,0,0,0,0,0,0,0,0
2021-04-01,AA13,6,5000000,50000,0.08,41822,0,0,0,0,0,0,0,0
2021-05-01,AA13,7,5000000,50000,0.08,41822,0,0,0,0,0,0,0,0
2021-06-01,AA13,8,5000000,50000,0.08,41822,0,0,0,0,0,0,0,0
2021-07-01,AA13,9,5000000,50000,0.08,41822,0,0,0,0,0,0,0,0
2021-08-01,AA13,10,5000000,50000,0.08,41822,0,0,0,0,0,0,0,0
2021-09-01,AA13,11,5000000,50000,0.08,41822,0,0,0,0,0,0,0,0
2021-10-01,AA13,12,5000000,50000,0.08,41822,0,0,0,0,0,0,0,0
2021-11-01,AA13,13,5000000,50000,0.08,41822,0,0,0,0,0,0,0,0
2021-12-01,AA13,14,5000000,50000,0.08,41822,0,0,0,0,0,0,0,0
2022-01-01,AA13,15,5000000,50000,0.08,41822,0,0,0,0,0,0,0,0
2022-02-01,AA13,16,5000000,50000,0.08,41822,0,0,0,0,0,0,0,0
2022-03-01,AA13,17,5000000,50000,0.08,41822,0,0,0,0,0,0,0,0
2022-04-01,AA13,18,5000000,50000,0.08,41822,0,0,0,0,0,0,0,0
2022-05-01,AA13,19,5000000,50000,0.08,41822,0,0,0,0,0,0,0,0
2022-06-01,AA13,20,5000000,50000,0.08,41822,0,0,0,0,0,0,0,0
2022-07-01,AA13,21,5000000,50000,0.08,41822,0,0,0,0,0,0,0,0
2022-08-01,AA13,22,5000000,50000,0.08,41822,0,0,0,0,0,0,0,0
2022-09-01,AA13,23,5000000,50000,0.08,41822,0,0,0,0,0,0,0,0
2022-10-01,AA13,24,5000000,50000,0.08,41822,0,0,0,0,0,0,0,0
2022-11-01,AA13,25,5000000,50000,0.08,41822,0,0,0,0,0,0,0,0
2022-12-01,AA13,26,5000000,50000,0.08,41822,0,0,0,0,0,0,0,0
2023-01-01,AA13,27,5000000,50000,0.08,41822,0,0,0,0,0,0,0,0
2023-02-01,AA13,28,5000000,50000,0.08,41822,0,0,0,0,0,0,0,0
2023-03-01,AA13,29,5000000,50000,0.08,41822,0,0,0,0,0,0,0,0
2023-04-01,AA13,30,5000000,50000,0.08,41822,0,0,0,0,0,0,0,0
2023-05-01,AA13,31,5000000,50000,0.08,41822,0,0,0,0,0,0,0,0
2023-06-01,AA13,32,5000000,50000,0.08,41822,0,0,0,0,0,0,0,0
2023-07-01,AA13,33,5000000,50000,0.08,41822,0,0,0,0,0,0,0,0
2023-08-01,AA13,34,5000000,50000,0.08,41822,0,0,0,0,0,0,0,0
2023-09-01,AA13,35,5000000,50000,0.08,41822,0,0,0,0,0,0,0,0
2023-10-01,AA13,36,5000000,50000,0.08,41822,0,0,0,0,0,0,0,0
2023-11-01,AA13,37,5000000,50000,0.08,41822,0,0,0,0,0,0,0,0
2023-12-01,AA13,38,5000000,50000,0.08,41822,0,0,0,0,0,0,0,0
2024-01-01,AA13,39,5000000,50000,0.08,41822,0,0,0,0,0,0,0,0
2024-02-01,AA13,40,5000000,50000,0.08,41822,0,0,0,0,0,0,0,0
2024-03-01,AA13,41,5000000,50000,0.08,41822,0,0,0,0,0,0,0,0
2024-04-01,AA13,42,5000000,50000,0.08,41822,0,0,0,0,0,0,0,0
2024-05-01,AA13,43,5000000,50000,0.08,41822,0,0,0,0,0,0,0,0
2024-06-01,AA13,44,5000000,50000,0.08,41822,0,0,0,0,0,0,0,0
2024-07-01,AA13,45,5000000,50000,0.08,41822,0,0,0,0,0,0,0,0
2024-08-01,AA13,46,5000000,50000,0.08,41822,0,0,0,0,0,0,0,0
2024-09-01,AA13,47,5000000,50000,0.08,41822,0,0,0,0,0,0,0,0
2024-10-01,AA13,48,5000000,50000,0.08,41822,0,0,0,0,0,0,0,0
2024-11-01,AA13,49,5000000,50000,0.08,41822,0,0,0,0,0,0,0,0
2024-12-01,AA13,50,5000000,50000,0.08,41822,0,0,0,0,0,0,0,0
2025-01-01,AA13,51,5000000,50000,0.08,41822,0,0,0,0,0,0,0,0
2025-02-01,AA13,52,5000000,50000,0.08,41822,0,0,0,0,0,0,0,0
2025-03-01,AA13,53,5000000,50000,0.08,41822,0,0,0,0,0,0,0,0
2025-04-01,AA13,54,5000000,50000,0.08,41822,0,0,0,0,0,0,0,0
2025-05-01,AA13,55,5000000,50000,0.08,41822,0,0,0,0,0,0,0,0
2025-06-01,AA13,56,5000000,50000,0.08,41822,0,0,0,0,0,0,0,0
2025-07-01,AA13,57,5000000,50000,0.08,41822,0,0,0,0,0,0,0,0
2025-08-01,AA13,58,5000000,50000,0.08,41822,0,0,0,0,0,0,0,0
2025-09-01,AA13,59,5000000,50000,0.08,41822,0,0,0,0,0,0,0,0
2025-10-01,AA13,60,5000000,50000,0.08,41822,0,0,0,0,0,0,0,0
2025-11-01,AA13,61,5000000,50000,0.08,41822,0,0,0,0,0,0,0,0
2025-12-01,AA13,62,5000000,50000,0.08,41822,0,0,0,0,0,0,0,0
2026-01-01,AA13,63,5000000,50000,0.08,41822,0,0,0,0,0,0,0,0
2026-02-01,AA13,64,5000000,50000,0.08,41822,0,0,0,0,0,0,0,0
2026-03-01,AA13,65,5000000,50000,0.08,41822,0,0,0,0,0,0,0,0
2026-04-01,AA13,66,5000000,50000,0.08,41822,0,0,0,0,0,0,0,0
2026-05-01,AA13,67,5000000,50000,0.08,41822,0,0,0,0,0,0,0,0
2026-06-01,AA13,68,5000000,50000,0.08,41822,0,0,0,0,0,0,0,0
2026-07-01,AA13,69,5000000,50000,0.08,41822,0,0,0,0,0,0,0,0
2026-08-01,AA13,70,5000000,50000,0.08,41822,0,0,0,0,0,0,0,0
2026-09-01,AA13,71,5000000,50000,0.08,41822,0,0,0,0,0,0,0,0
2026-10-01,AA13,72,5000000,50000,0.08,41822,0,0,0,0,0,0,0,0
2026-11-01,AA13,73,5000000,50000,0.08,41822,0,0,0,0,0,0,0,0
2026-12-01,AA13,74,5000000,50000,0.08,41822,0,0,0,0,0,0,0,0
2027-01-01,AA13,75,5000000,50000,0.08,41822,0,0,0,0,0,0,0,0
2027-02-01,AA13,76,5000000,50000,0.08,41822,0,0,0,0,0,0,0,0
2027-03-01,AA13,77,5000000,50000,0.08,41822,0,0,0,0,0,0,0,0
2027-04-01,AA13,78,5000000,50000,0.08,41822,0,0,0,0,0,0,0,0
2027-05-01,AA13,79,5000000,50000,0.08,41822,0,0,0,0,0,0,0,0
2027-06-01,AA13,80,5000000,50000,0.08,41822,0,0,0,0,0,0,0,0
2027-07-01,AA13,81,5000000,50000,0.08,41822,0,0,0,0,0,0,0,0
2027-08-01,AA13,82,5000000,50000,0.08,41822,0,0,0,0,0,0,0,0
2027-09-01,AA13,83,5000000,50000,0.08,41822,0,0,0,0,0,0,0,0
2027-10-01,AA13,84,5000000,50000,0.08,41822,0,0,0,0,0,0,0,0
2027-11-01,AA13,85,5000000,50000,0.08,41822,0,0,0,0,0,0,0,0
2027-12-01,AA13,86,5000000,50000,0.08,41822,0,0,0,0,0,0,0,0
2028-01-01,AA13,87,5000000,50000,0.08,41822,0,0,0,0,0,0,0,0
2028-02-01,AA13,88,5000000,50000,0.08,41822,0,0,0,0,0,0,0,0
2028-03-01,AA13,89,5000000,50000,0.08,41822,0,0,0,0,0,0,0,0
2028-04-01,AA13,90,5000000,50000,0.08,41822,0,0,0,0,0,0,0,0
2028-05-01,AA13,91,5000000,50000,0.08,41822,0,0,0,0,0,0,0,0
2028-06-01,AA13,92,5000000,50000,0.08,41822,0,0,0,0,0,0,0,0
2028-07-01,AA13,93,5000000,50000,0.08,41822,0,0,0,0,0,0,0,0
2028-08-01,AA13,94,5000000,50000,0.08,41822,0,0,0,0,0,0,0,0
2028-09-01,AA13,95,5000000,50000,0.08,41822,0,0,0,0,0,0,0,0
2028-10-01,AA13,96,5000000,50000,0.08,41822,0,0,0,0,0,0,0,0
2028-11-01,AA13,97,5000000,50000,0.08,41822,0,0,0,0,0,0,0,0
2028-12-01,AA13,98,5000000,50000,0.08,41822,0,0,0,0,0,0,0,0
2029-01-01,AA13,99,5000000,50000,0.08,41822,0,0,0,0,0,0,0,0
2029-02-01,AA13,100,5000000,50000,0.08,41822,0,0,0,0,0,0,0,0
2029-03-01,AA13,101,5000000,50000,0.08,41822,0,0,0,0,0,0,0,0
2029-04-01,AA13,102,5000000,50000,0.08,41822,0,0,0,0,0,0,0,0
2029-05-01,AA13,103,5000000,50000,0.08,41822,0,0,0,0,0,0,0,0
2029-06-01,AA13,104,5000000,50000,0.08,41822,0,0,0,0,0,0,0,0
2029-07-01,AA13,105,5000000,50000,0.08,41822,0,0,0,0,0,0,0,0
2029-08-01,AA13,106,5000000,50000,0.08,41822,0,0,0,0,0,0,0,0
2029-09-01,AA13,107,5000000,50000,0.08,41822,0,0,0,0,0,0,0,0
2029-10-01,AA13,108,5000000,50000,0.08,41822,0,0,0,0,0,0,0,0
2029-11-01,AA13,109,5000000,50000,0.08,41822,0,0,0,0,0,0,0,0
2029-12-01,AA13,110,5000000,50000,0.08,41822,0,0,0,0,0,0,0,0
2030-01-01,AA13,111,5000000,50000,0.08,41822,0,0,0,0,0,0,0,0
2030-02-01,AA13,112,5000000,50000,0.08,41822,0,0,0,0,0,0,0,0
2030-03-01,AA13,113,5000000,50000,0.08,41822,0,0,0,0,0,0,0,0
2030-04-01,AA13,114,5000000,50000,0.08,41822,0,0,0,0,0,0,0,0
2030-05-01,AA13,115,5000000,50000,0.08,41822,0,0,0,0,0,0,0,0
2030-06-01,AA13,116,5000000,50000,0.08,41822,0,0,0,0,0,0,0,0
2030-07-01,AA13,117,5000000,50000,0.08,41822,0,0,0,0,0,0,0,0
2030-08-01,AA13,118,5000000,50000,0.08,41822,0,0,0,0,0,0,0,0
2030-09-01,AA13,119,5000000,50000,0.08,41822,0,0,0,0,0,0,0,0
2030-10-01,AA13,120,5000000,50000,0.08,41822,0,0,0,0,0,0,0,0
2030-11-01,AA13,121,5000000,50000,0.08,41822,0,0,0,0,0,0,0,0
2030-12-01,AA13,122,5000000,50000,0.08,41822,0,0,0,0,0,0,0,0
2031-01-01,AA13,123,5000000,50000,0.08,41822,0,0,0,0,0,0,0,0
2031-02-01,AA13,124,5000000,50000,0.08,41822,0,0,0,0,0,0,0,0
2031-03-01,AA13,125,5000000,50000,0.08,41822,0,0,0,0,0,0,0,0
2031-04-01,AA13,126,5000000,50000,0.08,41822,0,0,0,0,0,0,0,0
2031-05-01,AA13,127,5000000,50000,0.08,41822,0,0,0,0,0,0,0,0
2031-06-01,AA13,128,5000000,50000,0.08,41822,0,0,0,0,0,0,0,0
2031-07-01,AA13,129,5000000,50000,0.08,41822,0,0,0,0,0,0,0,0
2031-08-01,AA13,130,5000000,50000,0.08,41822,0,0,0,0,0,0,0,0
2031-09-01,AA13,131,5000000,50000,0.08,41822,0,0,0,0,0,0,0,0
2031-10-01,AA13,132,5000000,50000,0.08,41822,0,0,0,0,0,0,0,0
2031-11-01,AA13,133,5000000,50000,0.08,41822,0,0,0,0,0,0,0,0
2031-12-01,AA13,134,5000000,50000,0.08,41822,0,0,0,0,0,0,0,0
2032-01-01,AA13,135,5000000,50000,0.08,41822,0,0,0,0,0,0,0,0
2032-02-01,AA13,136,5000000,50000,0.08,41822,0,0,0,0,0,0,0,0
2032-03-01,AA13,137,5000000,50000,0.08,41822,0,0,0,0,0,0,0,0
2032-04-01,AA13,138,5000000,50000,0.08,41822,0,0,0,0,0,0,0,0
2032-05-01,AA13,139,5000000,50000,0.08,41822,0,0,0,0,0,0,0,0
2032-06-01,AA13,140,5000000,50000,0.08,41822,0,0,0,0,0,0,0,0
2032-07-01,AA13,141,5000000,50000,0.08,41822,0,0,0,0,0,0,0,0
2032-08-01,AA13,142,5000000,50000,0.08,41822,0,0,0,0,0,0,0,0
2032-09-01,AA13,143,5000000,50000,0.08,41822,0,0,0,0,0,0,0,0
2032-10-01,AA13,144,5000000,50000,0.08,41822,0,0,0,0,0,0,0,0
2032-11-01,AA13,145,5000000,50000,0.08,41822,0,0,0,0,0,0,0,0
2032-12-01,AA13,146,5000000,50000,0.08,41822,0,0,0,0,0,0,0,0
2033-01-01,AA13,147,5000000,50000,0.08,41822,0,0,0,0,0,0,0,0
2033-02-01,AA13,148,5000000,50000,0.08,41822,0,0,0,0,0,0,0,0
2033-03-01,AA13,149,5000000,50000,0.08,41822,0,0,0,0,0,0,0,0
2033-04-01,AA13,150,5000000,50000,0.08,41822,0,0,0,0,0,0,0,0
2033-05-01,AA13,151,5000000,50000,0.08,41822,0,0,0,0,0,0,0,0
2033-06-01,AA13,152,5000000,50000,0.08,41822,0,0,0,0,0,0,0,0
2033-07-01,AA13,153,5000000,50000,0.08,41822,0,0,0,0,0,0,0,0
2033-08-01,AA13,154,5000000,50000,0.08,41822,0,0,0,0,0,0,0,0
2033-09-01,AA13,155,5000000,50000,0.08,41822,0,0,0,0,0,0,0,0
2033-10-01,AA13,156,5000000,50000,0.08,41822,0,0,0,0,0,0,0,0
2033-11-01,AA13,157,5000000,50000,0.08,41822,0,0,0,0,0,0,0,0
2033-12-01,AA13,158,5000000,50000,0.08,41822,0,0,0,0,0,0,0,0
2034-01-01,AA13,159,5000000,50000,0.08,41822,0,0,0,0,0,0,0,0
2034-02-01,AA13,160,5000000,50000,0.08,41822,0,0,0,0,0,0,0,0
2034-03-01,AA13,161,5000000,50000,0.08,41822,0,0,0,0,0,0,0,0
2034-04-01,AA13,162,5000000,50000,0.08,41822,0,0,0,0,0,0,0,0
2034-05-01,AA13,163,5000000,50000,0.08,41822,0,0,0,0,0,0,0,0
2034-06-01,AA13,164,5000000,50000,0.08,41822,0,0,0,0,0,0,0,0
2034-07-01,AA13,165,5000000,50000,0.08,41822,0,0,0,0,0,0,0,0
2034-08-01,AA13,166,5000000,50000,0.08,41822,0,0,0,0,0,0,0,0
2034-09-01,AA13,167,5000000,50000,0.08,41822,0,0,0,0,0,0,0,0
2034-10-01,AA13,168,5000000,50000,0.08,41822,0,0,0,0,0,0,0,0
2034-11-01,AA13,169,5000000,50000,0.08,41822,0,0,0,0,0,0,0,0
2034-12-01,AA13,170,5000000,50000,0.08,41822,0,0,0,0,0,0,0,0
2035-01-01,AA13,171,5000000,50000,0.08,41822,0,0,0,0,0,0,0,0
2035-02-01,AA13,172,5000000,50000,0.08,41822,0,0,0,0,0,0,0,0
2035-03-01,AA13,173,5000000,50000,0.08,41822,0,0,0,0,0,0,0,0
2035-04-01,AA13,174,5000000,50000,0.08,41822,0,0,0,0,0,0,0,0
2035-05-01,AA13,175,5000000,50000,0.08,41822,0,0,0,0,0,0,0,0
2035-06-01,AA13,176,5000000,50000,0.08,41822,0,0,0,0,0,0,0,0
2035-07-01,AA13,177,5000000,50000,0.08,41822,0,0,0,0,0,0,0,0
2035-08-01,AA13,178,5000000,50000,0.08,41822,0,0,0,0,0,0,0,0
2035-09-01,AA13,179,5000000,50000,0.08,41822,0,0,0,0,0,0,0,0
2035-10-01,AA13,180,5000000,50000,0.08,41822,0,0,0,0,0,0,0,0
2035-11-01,AA13,181,5000000,50000,0.08,41822,0,0,0,0,0,0,0,0
2035-12-01,AA13,182,5000000,50000,0.08,41822,0,0,0,0,0,0,0,0
2036-01-01,AA13,183,5000000,50000,0.08,41822,0,0,0,0,0,0,0,0
2036-02-01,AA13,184,5000000,50000,0.08,41822,0,0,0,0,0,0,0,0
2036-03-01,AA13,185,5000000,50000,0.08,41822,0,0,0,0,0,0,0,0
2036-04-01,AA13,186,5000000,50000,0.08,41822,0,0,0,0,0,0,0,0
2036-05-01,AA13,187,5000000,50000,0.08,41822,0,0,0,0,0,0,0,0
2036-06-01,AA13,188,5000000,50000,0.08,41822,0,0,0,0,0,0,0,0
2036-07-01,AA13,189,5000000,50000,0.08,41822,0,0,0,0,0,0,0,0
2036-08-01,AA13,190,5000000,50000,0.08,41822,0,0,0,0,0,0,0,0
2036-09-01,AA13,191,5000000,50000,0.08,41822,0,0,0,0,0,0,0,0
2036-10-01,AA13,192,5000000,50000,0.08,41822,0,0,0,0,0,0,0,0
2036-11-01,AA13,193,5000000,50000,0.08,41822,0,0,0,0,0,0,0,0
2036-12-01,AA13,194,5000000,50000,0.08,41822,0,0,0,0,0,0,0,0
2037-01-01,AA13,195,5000000,50000,0.08,41822,0,0,0,0,0,0,0,0
2037-02-01,AA13,196,5000000,50000,0.08,41822,0,0,0,0,0,0,0,0
2037-03-01,AA13,197,5000000,50000,0.08,41822,0,0,0,0,0,0,0,0
2037-04-01,AA13,198,5000000,50000,0.08,41822,0,0,0,0,0,0,0,0
2037-05-01,AA13,199,5000000,50000,0.08,41822,0,0,0,0,0,0,0,0
2037-06-01,AA13,200,5000000,50000,0.08,41822,0,0,0,0,0,0,0,0
2037-07-01,AA13,201,5000000,50000,0.08,41822,0,0,0,0,0,0,0,0
2037-08-01,AA13,202,5000000,50000,0.08,41822,0,0,0,0,0,0,0,0
2037-09-01,AA13,203,5000000,50000,0.08,41822,0,0,0,0,0,0,0,0
2037-10-01,AA13,204,5000000,50000,0.08,41822,0,0,0,0,0,0,0,0
2037-11-01,AA13,205,5000000,50000,0.08,41822,0,0,0,0,0,0,0,0
2037-12-01,AA13,206,5000000,50000,0.08,41822,0,0,0,0,0,0,0,0
2038-01-01,AA13,207,5000000,50000,0.08,41822,0,0,0,0,0,0,0,0
2038-02-01,AA13,208,5000000,50000,0.08,41822,0,0,0,0,0,0,0,0
2038-03-01,AA13,209,5000000,50000,0.08,41822,0,0,0,0,0,0,0,0
2038-04-01,AA13,210,5000000,50000,0.08,41822,0,0,0,0,0,0,0,0
2038-05-01,AA13,211,5000000,50000,0.08,41822,0,0,0,0,0,0,0,0
2038-06-01,AA13,212,5000000,50000,0.08,41822,0,0,0,0,0,0,0,0
2038-07-01,AA13,213,5000000,50000,0.08,41822,0,0,0,0,0,0,0,0
2038-08-01,AA13,214,5000000,50000,0.08,41822,0,0,0,0,0,0,0,0
2038-09-01,AA13,215,5000000,50000,0.08,41822,0,0,0,0,0,0,0,0
2038-10-01,AA13,216,5000000,50000,0.08,41822,0,0,0,0,0,0,0,0
2038-11-01,AA13,217,5000000,50000,0.08,41822,0,0,0,0,0,0,0,0
2038-12-01,AA13,218,5000000,50000,0.08,41822,0,0,0,0,0,0,0,0
2039-01-01,AA13,219,5000000,50000,0.08,41822,0,0,0,0,0,0,0,0
2039-02-01,AA13,220,5000000,50000,0.08,41822,0,0,0,0,0,0,0,0
2039-03-01,AA13,221,5000000,50000,0.08,41822,0,0,0,0,0,0,0,0
2039-04-01,AA13,222,5000000,50000,0.08,41822,0,0,0,0,0,0,0,0
2039-05-01,AA13,223,5000000,50000,0.08,41822,0,0,0,0,0,0,0,0
2039-06-01,AA13,224,5000000,50000,0.08,41822,0,0,0,0,0,0,0,0
2039-07-01,AA13,225,5000000,50000,0.08,41822,0,0,0,0,0,0,0,0
2039-08-01,AA13,226,5000000,50000,0.08,41822,0,0,0,0,0,0,0,0
2039-09-01,AA13,227,5000000,50000,0.08,41822,0,0,0,0,0,0,0,0
2039-10-01,AA13,228,5000000,50000,0.08,41822,0,0,0,0,0,0,0,0
2039-11-01,AA13,229,5000000,50000,0.08,41822,0,0,0,0,0,0,0,0
2039-12-01,AA13,230,5000000,50000,0.08,41822,0,0,0,0,0,0,0,0
2040-01-01,AA13,231,5000000,50000,0.08,41822,0,0,0,0,0,0,0,0
2040-02-01,AA13,232,5000000,50000,0.08,41822,0,0,0,0,0,0,0,0
2040-03-01,AA13,233,5000000,50000,0.08,41822,0,0,0,0,0,0,0,0
2040-04-01,AA13,234,5000000,50000,0.08,41822,0,0,0,0,0,0,0,0
2040-05-01,AA13,235,5000000,50000,0.08,41822,0,0,0,0,0,0,0,0
2040-06-01,AA13,236,5000000,50000,0.08,41822,0,0,0,0,0,0,0,0
2040-07-01,AA13,237,5000000,50000,0.08,41822,0,0,0,0,0,0,0,0
2040-08-01,AA13,238,5000000,50000,0.08,41822,0,0,0,0,0,0,0,0
2040-09-01,AA13,239,5000000,50000,0.08,41822,0,0,0,0,0,0,0,0
2040-10-01,AA13,240,5000000,50000,0.08,41822,0,0,0,0,0,0,0,0
2020-11-01,AA14,1,7000000,55000,0.08,58551,0,0,0,0,0,0,0,0
2020-12-01,AA14,2,7000000,55000,0.08,58551,0,0,0,0,0,0,0,0
2021-01-01,AA14,3,7000000,55000,0.08,58551,0,0,0,0,0,0,0,0
2021-02-01,AA14,4,7000000,55000,0.08,58551,0,0,0,0,0,0,0,0
2021-03-01,AA14,5,7000000,55000,0.08,58551,0,0,0,0,0,0,0,0
2021-04-01,AA14,6,7000000,55000,0.08,58551,0,0,0,0,0,0,0,0
2021-05-01,AA14,7,7000000,55000,0.08,58551,0,0,0,0,0,0,0,0
2021-06-01,AA14,8,7000000,55000,0.08,58551,0,0,0,0,0,0,0,0
2021-07-01,AA14,9,7000000,55000,0.08,58551,0,0,0,0,0,0,0,0
2021-08-01,AA14,10,7000000,55000,0.08,58551,0,0,0,0,0,0,0,0
2021-09-01,AA14,11,7000000,55000,0.08,58551,0,0,0,0,0,0,0,0
2021-10-01,AA14,12,7000000,55000,0.08,58551,0,0,0,0,0,0,0,0
2021-11-01,AA14,13,7000000,55000,0.08,58551,0,0,0,0,0,0,0,0
2021-12-01,AA14,14,7000000,55000,0.08,58551,0,0,0,0,0,0,0,0
2022-01-01,AA14,15,7000000,55000,0.08,58551,0,0,0,0,0,0,0,0
2022-02-01,AA14,16,7000000,55000,0.08,58551,0,0,0,0,0,0,0,0
2022-03-01,AA14,17,7000000,55000,0.08,58551,0,0,0,0,0,0,0,0
2022-04-01,AA14,18,7000000,55000,0.08,58551,0,0,0,0,0,0,0,0
2022-05-01,AA14,19,7000000,55000,0.08,58551,0,0,0,0,0,0,0,0
2022-06-01,AA14,20,7000000,55000,0.08,58551,0,0,0,0,0,0,0,0
2022-07-01,AA14,21,7000000,55000,0.08,58551,0,0,0,0,0,0,0,0
2022-08-01,AA14,22,7000000,55000,0.08,58551,0,0,0,0,0,0,0,0
2022-09-01,AA14,23,7000000,55000,0.08,58551,0,0,0,0,0,0,0,0
2022-10-01,AA14,24,7000000,55000,0.08,58551,0,0,0,0,0,0,0,0
2022-11-01,AA14,25,7000000,55000,0.08,58551,0,0,0,0,0,0,0,0
2022-12-01,AA14,26,7000000,55000,0.08,58551,0,0,0,0,0,0,0,0
2023-01-01,AA14,27,7000000,55000,0.08,58551,0,0,0,0,0,0,0,0
2023-02-01,AA14,28,7000000,55000,0.08,58551,0,0,0,0,0,0,0,0
2023-03-01,AA14,29,7000000,55000,0.08,58551,0,0,0,0,0,0,0,0
2023-04-01,AA14,30,7000000,55000,0.08,58551,0,0,0,0,0,0,0,0
2023-05-01,AA14,31,7000000,55000,0.08,58551,0,0,0,0,0,0,0,0
2023-06-01,AA14,32,7000000,55000,0.08,58551,0,0,0,0,0,0,0,0
2023-07-01,AA14,33,7000000,55000,0.08,58551,0,0,0,0,0,0,0,0
2023-08-01,AA14,34,7000000,55000,0.08,58551,0,0,0,0,0,0,0,0
2023-09-01,AA14,35,7000000,55000,0.08,58551,0,0,0,0,0,0,0,0
2023-10-01,AA14,36,7000000,55000,0.08,58551,0,0,0,0,0,0,0,0
2023-11-01,AA14,37,7000000,55000,0.08,58551,0,0,0,0,0,0,0,0
2023-12-01,AA14,38,7000000,55000,0.08,58551,0,0,0,0,0,0,0,0
2024-01-01,AA14,39,7000000,55000,0.08,58551,0,0,0,0,0,0,0,0
2024-02-01,AA14,40,7000000,55000,0.08,58551,0,0,0,0,0,0,0,0
2024-03-01,AA14,41,7000000,55000,0.08,58551,0,0,0,0,0,0,0,0
2024-04-01,AA14,42,7000000,55000,0.08,58551,0,0,0,0,0,0,0,0
2024-05-01,AA14,43,7000000,55000,0.08,58551,0,0,0,0,0,0,0,0
2024-06-01,AA14,44,7000000,55000,0.08,58551,0,0,0,0,0,0,0,0
2024-07-01,AA14,45,7000000,55000,0.08,58551,0,0,0,0,0,0,0,0
2024-08-01,AA14,46,7000000,55000,0.08,58551,0,0,0,0,0,0,0,0
2024-09-01,AA14,47,7000000,55000,0.08,58551,0,0,0,0,0,0,0,0
2024-10-01,AA14,48,7000000,55000,0.08,58551,0,0,0,0,0,0,0,0
2024-11-01,AA14,49,7000000,55000,0.08,58551,0,0,0,0,0,0,0,0
2024-12-01,AA14,50,7000000,55000,0.08,58551,0,0,0,0,0,0,0,0
2025-01-01,AA14,51,7000000,55000,0.08,58551,0,0,0,0,0,0,0,0
2025-02-01,AA14,52,7000000,55000,0.08,58551,0,0,0,0,0,0,0,0
2025-03-01,AA14,53,7000000,55000,0.08,58551,0,0,0,0,0,0,0,0
2025-04-01,AA14,54,7000000,55000,0.08,58551,0,0,0,0,0,0,0,0
2025-05-01,AA14,55,7000000,55000,0.08,58551,0,0,0,0,0,0,0,0
2025-06-01,AA14,56,7000000,55000,0.08,58551,0,0,0,0,0,0,0,0
2025-07-01,AA14,57,7000000,55000,0.08,58551,0,0,0,0,0,0,0,0
2025-08-01,AA14,58,7000000,55000,0.08,58551,0,0,0,0,0,0,0,0
2025-09-01,AA14,59,7000000,55000,0.08,58551,0,0,0,0,0,0,0,0
2025-10-01,AA14,60,7000000,55000,0.08,58551,0,0,0,0,0,0,0,0
2025-11-01,AA14,61,7000000,55000,0.08,58551,0,0,0,0,0,0,0,0
2025-12-01,AA14,62,7000000,55000,0.08,58551,0,0,0,0,0,0,0,0
2026-01-01,AA14,63,7000000,55000,0.08,58551,0,0,0,0,0,0,0,0
2026-02-01,AA14,64,7000000,55000,0.08,58551,0,0,0,0,0,0,0,0
2026-03-01,AA14,65,7000000,55000,0.08,58551,0,0,0,0,0,0,0,0
2026-04-01,AA14,66,7000000,55000,0.08,58551,0,0,0,0,0,0,0,0
2026-05-01,AA14,67,7000000,55000,0.08,58551,0,0,0,0,0,0,0,0
2026-06-01,AA14,68,7000000,55000,0.08,58551,0,0,0,0,0,0,0,0
2026-07-01,AA14,69,7000000,55000,0.08,58551,0,0,0,0,0,0,0,0
2026-08-01,AA14,70,7000000,55000,0.08,58551,0,0,0,0,0,0,0,0
2026-09-01,AA14,71,7000000,55000,0.08,58551,0,0,0,0,0,0,0,0
2026-10-01,AA14,72,7000000,55000,0.08,58551,0,0,0,0,0,0,0,0
2026-11-01,AA14,73,7000000,55000,0.08,58551,0,0,0,0,0,0,0,0
2026-12-01,AA14,74,7000000,55000,0.08,58551,0,0,0,0,0,0,0,0
2027-01-01,AA14,75,7000000,55000,0.08,58551,0,0,0,0,0,0,0,0
2027-02-01,AA14,76,7000000,55000,0.08,58551,0,0,0,0,0,0,0,0
2027-03-01,AA14,77,7000000,55000,0.08,58551,0,0,0,0,0,0,0,0
2027-04-01,AA14,78,7000000,55000,0.08,58551,0,0,0,0,0,0,0,0
2027-05-01,AA14,79,7000000,55000,0.08,58551,0,0,0,0,0,0,0,0
2027-06-01,AA14,80,7000000,55000,0.08,58551,0,0,0,0,0,0,0,0
2027-07-01,AA14,81,7000000,55000,0.08,58551,0,0,0,0,0,0,0,0
2027-08-01,AA14,82,7000000,55000,0.08,58551,0,0,0,0,0,0,0,0
2027-09-01,AA14,83,7000000,55000,0.08,58551,0,0,0,0,0,0,0,0
2027-10-01,AA14,84,7000000,55000,0.08,58551,0,0,0,0,0,0,0,0
2027-11-01,AA14,85,7000000,55000,0.08,58551,0,0,0,0,0,0,0,0
2027-12-01,AA14,86,7000000,55000,0.08,58551,0,0,0,0,0,0,0,0
2028-01-01,AA14,87,7000000,55000,0.08,58551,0,0,0,0,0,0,0,0
2028-02-01,AA14,88,7000000,55000,0.08,58551,0,0,0,0,0,0,0,0
2028-03-01,AA14,89,7000000,55000,0.08,58551,0,0,0,0,0,0,0,0
2028-04-01,AA14,90,7000000,55000,0.08,58551,0,0,0,0,0,0,0,0
2028-05-01,AA14,91,7000000,55000,0.08,58551,0,0,0,0,0,0,0,0
2028-06-01,AA14,92,7000000,55000,0.08,58551,0,0,0,0,0,0,0,0
2028-07-01,AA14,93,7000000,55000,0.08,58551,0,0,0,0,0,0,0,0
2028-08-01,AA14,94,7000000,55000,0.08,58551,0,0,0,0,0,0,0,0
2028-09-01,AA14,95,7000000,55000,0.08,58551,0,0,0,0,0,0,0,0
2028-10-01,AA14,96,7000000,55000,0.08,58551,0,0,0,0,0,0,0,0
2028-11-01,AA14,97,7000000,55000,0.08,58551,0,0,0,0,0,0,0,0
2028-12-01,AA14,98,7000000,55000,0.08,58551,0,0,0,0,0,0,0,0
2029-01-01,AA14,99,7000000,55000,0.08,58551,0,0,0,0,0,0,0,0
2029-02-01,AA14,100,7000000,55000,0.08,58551,0,0,0,0,0,0,0,0
2029-03-01,AA14,101,7000000,55000,0.08,58551,0,0,0,0,0,0,0,0
2029-04-01,AA14,102,7000000,55000,0.08,58551,0,0,0,0,0,0,0,0
2029-05-01,AA14,103,7000000,55000,0.08,58551,0,0,0,0,0,0,0,0
2029-06-01,AA14,104,7000000,55000,0.08,58551,0,0,0,0,0,0,0,0
2029-07-01,AA14,105,7000000,55000,0.08,58551,0,0,0,0,0,0,0,0
2029-08-01,AA14,106,7000000,55000,0.08,58551,0,0,0,0,0,0,0,0
2029-09-01,AA14,107,7000000,55000,0.08,58551,0,0,0,0,0,0,0,0
2029-10-01,AA14,108,7000000,55000,0.08,58551,0,0,0,0,0,0,0,0
2029-11-01,AA14,109,7000000,55000,0.08,58551,0,0,0,0,0,0,0,0
2029-12-01,AA14,110,7000000,55000,0.08,58551,0,0,0,0,0,0,0,0
2030-01-01,AA14,111,7000000,55000,0.08,58551,0,0,0,0,0,0,0,0
2030-02-01,AA14,112,7000000,55000,0.08,58551,0,0,0,0,0,0,0,0
2030-03-01,AA14,113,7000000,55000,0.08,58551,0,0,0,0,0,0,0,0
2030-04-01,AA14,114,7000000,55000,0.08,58551,0,0,0,0,0,0,0,0
2030-05-01,AA14,115,7000000,55000,0.08,58551,0,0,0,0,0,0,0,0
2030-06-01,AA14,116,7000000,55000,0.08,58551,0,0,0,0,0,0,0,0
2030-07-01,AA14,117,7000000,55000,0.08,58551,0,0,0,0,0,0,0,0
2030-08-01,AA14,118,7000000,55000,0.08,58551,0,0,0,0,0,0,0,0
2030-09-01,AA14,119,7000000,55000,0.08,58551,0,0,0,0,0,0,0,0
2030-10-01,AA14,120,7000000,55000,0.08,58551,0,0,0,0,0,0,0,0
2030-11-01,AA14,121,7000000,55000,0.08,58551,0,0,0,0,0,0,0,0
2030-12-01,AA14,122,7000000,55000,0.08,58551,0,0,0,0,0,0,0,0
2031-01-01,AA14,123,7000000,55000,0.08,58551,0,0,0,0,0,0,0,0
2031-02-01,AA14,124,7000000,55000,0.08,58551,0,0,0,0,0,0,0,0
2031-03-01,AA14,125,7000000,55000,0.08,58551,0,0,0,0,0,0,0,0
2031-04-01,AA14,126,7000000,55000,0.08,58551,0,0,0,0,0,0,0,0
2031-05-01,AA14,127,7000000,55000,0.08,58551,0,0,0,0,0,0,0,0
2031-06-01,AA14,128,7000000,55000,0.08,58551,0,0,0,0,0,0,0,0
2031-07-01,AA14,129,7000000,55000,0.08,58551,0,0,0,0,0,0,0,0
2031-08-01,AA14,130,7000000,55000,0.08,58551,0,0,0,0,0,0,0,0
2031-09-01,AA14,131,7000000,55000,0.08,58551,0,0,0,0,0,0,0,0
2031-10-01,AA14,132,7000000,55000,0.08,58551,0,0,0,0,0,0,0,0
2031-11-01,AA14,133,7000000,55000,0.08,58551,0,0,0,0,0,0,0,0
2031-12-01,AA14,134,7000000,55000,0.08,58551,0,0,0,0,0,0,0,0
2032-01-01,AA14,135,7000000,55000,0.08,58551,0,0,0,0,0,0,0,0
2032-02-01,AA14,136,7000000,55000,0.08,58551,0,0,0,0,0,0,0,0
2032-03-01,AA14,137,7000000,55000,0.08,58551,0,0,0,0,0,0,0,0
2032-04-01,AA14,138,7000000,55000,0.08,58551,0,0,0,0,0,0,0,0
2032-05-01,AA14,139,7000000,55000,0.08,58551,0,0,0,0,0,0,0,0
2032-06-01,AA14,140,7000000,55000,0.08,58551,0,0,0,0,0,0,0,0
2032-07-01,AA14,141,7000000,55000,0.08,58551,0,0,0,0,0,0,0,0
2032-08-01,AA14,142,7000000,55000,0.08,58551,0,0,0,0,0,0,0,0
2032-09-01,AA14,143,7000000,55000,0.08,58551,0,0,0,0,0,0,0,0
2032-10-01,AA14,144,7000000,55000,0.08,58551,0,0,0,0,0,0,0,0
2032-11-01,AA14,145,7000000,55000,0.08,58551,0,0,0,0,0,0,0,0
2032-12-01,AA14,146,7000000,55000,0.08,58551,0,0,0,0,0,0,0,0
2033-01-01,AA14,147,7000000,55000,0.08,58551,0,0,0,0,0,0,0,0
2033-02-01,AA14,148,7000000,55000,0.08,58551,0,0,0,0,0,0,0,0
2033-03-01,AA14,149,7000000,55000,0.08,58551,0,0,0,0,0,0,0,0
2033-04-01,AA14,150,7000000,55000,0.08,58551,0,0,0,0,0,0,0,0
2033-05-01,AA14,151,7000000,55000,0.08,58551,0,0,0,0,0,0,0,0
2033-06-01,AA14,152,7000000,55000,0.08,58551,0,0,0,0,0,0,0,0
2033-07-01,AA14,153,7000000,55000,0.08,58551,0,0,0,0,0,0,0,0
2033-08-01,AA14,154,7000000,55000,0.08,58551,0,0,0,0,0,0,0,0
2033-09-01,AA14,155,7000000,55000,0.08,58551,0,0,0,0,0,0,0,0
2033-10-01,AA14,156,7000000,55000,0.08,58551,0,0,0,0,0,0,0,0
2033-11-01,AA14,157,7000000,55000,0.08,58551,0,0,0,0,0,0,0,0
2033-12-01,AA14,158,7000000,55000,0.08,58551,0,0,0,0,0,0,0,0
2034-01-01,AA14,159,7000000,55000,0.08,58551,0,0,0,0,0,0,0,0
2034-02-01,AA14,160,7000000,55000,0.08,58551,0,0,0,0,0,0,0,0
2034-03-01,AA14,161,7000000,55000,0.08,58551,0,0,0,0,0,0,0,0
2034-04-01,AA14,162,7000000,55000,0.08,58551,0,0,0,0,0,0,0,0
2034-05-01,AA14,163,7000000,55000,0.08,58551,0,0,0,0,0,0,0,0
2034-06-01,AA14,164,7000000,55000,0.08,58551,0,0,0,0,0,0,0,0
2034-07-01,AA14,165,7000000,55000,0.08,58551,0,0,0,0,0,0,0,0
2034-08-01,AA14,166,7000000,55000,0.08,58551,0,0,0,0,0,0,0,0
2034-09-01,AA14,167,7000000,55000,0.08,58551,0,0,0,0,0,0,0,0
2034-10-01,AA14,168,7000000,55000,0.08,58551,0,0,0,0,0,0,0,0
2034-11-01,AA14,169,7000000,55000,0.08,58551,0,0,0,0,0,0,0,0
2034-12-01,AA14,170,7000000,55000,0.08,58551,0,0,0,0,0,0,0,0
2035-01-01,AA14,171,7000000,55000,0.08,58551,0,0,0,0,0,0,0,0
2035-02-01,AA14,172,7000000,55000,0.08,58551,0,0,0,0,0,0,0,0
2035-03-01,AA14,173,7000000,55000,0.08,58551,0,0,0,0,0,0,0,0
2035-04-01,AA14,174,7000000,55000,0.08,58551,0,0,0,0,0,0,0,0
2035-05-01,AA14,175,7000000,55000,0.08,58551,0,0,0,0,0,0,0,0
2035-06-01,AA14,176,7000000,55000,0.08,58551,0,0,0,0,0,0,0,0
2035-07-01,AA14,177,7000000,55000,0.08,58551,0,0,0,0,0,0,0,0
2035-08-01,AA14,178,7000000,55000,0.08,58551,0,0,0,0,0,0,0,0
2035-09-01,AA14,179,7000000,55000,0.08,58551,0,0,0,0,0,0,0,0
2035-10-01,AA14,180,7000000,55000,0.08,58551,0,0,0,0,0,0,0,0
2035-11-01,AA14,181,7000000,55000,0.08,58551,0,0,0,0,0,0,0,0
2035-12-01,AA14,182,7000000,55000,0.08,58551,0,0,0,0,0,0,0,0
2036-01-01,AA14,183,7000000,55000,0.08,58551,0,0,0,0,0,0,0,0
2036-02-01,AA14,184,7000000,55000,0.08,58551,0,0,0,0,0,0,0,0
2036-03-01,AA14,185,7000000,55000,0.08,58551,0,0,0,0,0,0,0,0
2036-04-01,AA14,186,7000000,55000,0.08,58551,0,0,0,0,0,0,0,0
2036-05-01,AA14,187,7000000,55000,0.08,58551,0,0,0,0,0,0,0,0
2036-06-01,AA14,188,7000000,55000,0.08,58551,0,0,0,0,0,0,0,0
2036-07-01,AA14,189,7000000,55000,0.08,58551,0,0,0,0,0,0,0,0
2036-08-01,AA14,190,7000000,55000,0.08,58551,0,0,0,0,0,0,0,0
2036-09-01,AA14,191,7000000,55000,0.08,58551,0,0,0,0,0,0,0,0
2036-10-01,AA14,192,7000000,55000,0.08,58551,0,0,0,0,0,0,0,0
2036-11-01,AA14,193,7000000,55000,0.08,58551,0,0,0,0,0,0,0,0
2036-12-01,AA14,194,7000000,55000,0.08,58551,0,0,0,0,0,0,0,0
2037-01-01,AA14,195,7000000,55000,0.08,58551,0,0,0,0,0,0,0,0
2037-02-01,AA14,196,7000000,55000,0.08,58551,0,0,0,0,0,0,0,0
2037-03-01,AA14,197,7000000,55000,0.08,58551,0,0,0,0,0,0,0,0
2037-04-01,AA14,198,7000000,55000,0.08,58551,0,0,0,0,0,0,0,0
2037-05-01,AA14,199,7000000,55000,0.08,58551,0,0,0,0,0,0,0,0
2037-06-01,AA14,200,7000000,55000,0.08,58551,0,0,0,0,0,0,0,0
2037-07-01,AA14,201,7000000,55000,0.08,58551,0,0,0,0,0,0,0,0
2037-08-01,AA14,202,7000000,55000,0.08,58551,0,0,0,0,0,0,0,0
2037-09-01,AA14,203,7000000,55000,0.08,58551,0,0,0,0,0,0,0,0
2037-10-01,AA14,204,7000000,55000,0.08,58551,0,0,0,0,0,0,0,0
2037-11-01,AA14,205,7000000,55000,0.08,58551,0,0,0,0,0,0,0,0
2037-12-01,AA14,206,7000000,55000,0.08,58551,0,0,0,0,0,0,0,0
2038-01-01,AA14,207,7000000,55000,0.08,58551,0,0,0,0,0,0,0,0
2038-02-01,AA14,208,7000000,55000,0.08,58551,0,0,0,0,0,0,0,0
2038-03-01,AA14,209,7000000,55000,0.08,58551,0,0,0,0,0,0,0,0
2038-04-01,AA14,210,7000000,55000,0.08,58551,0,0,0,0,0,0,0,0
2038-05-01,AA14,211,7000000,55000,0.08,58551,0,0,0,0,0,0,0,0
2038-06-01,AA14,212,7000000,55000,0.08,58551,0,0,0,0,0,0,0,0
2038-07-01,AA14,213,7000000,55000,0.08,58551,0,0,0,0,0,0,0,0
2038-08-01,AA14,214,7000000,55000,0.08,58551,0,0,0,0,0,0,0,0
2038-09-01,AA14,215,7000000,55000,0.08,58551,0,0,0,0,0,0,0,0
2038-10-01,AA14,216,7000000,55000,0.08,58551,0,0,0,0,0,0,0,0
2038-11-01,AA14,217,7000000,55000,0.08,58551,0,0,0,0,0,0,0,0
2038-12-01,AA14,218,7000000,55000,0.08,58551,0,0,0,0,0,0,0,0
2039-01-01,AA14,219,7000000,55000,0.08,58551,0,0,0,0,0,0,0,0
2039-02-01,AA14,220,7000000,55000,0.08,58551,0,0,0,0,0,0,0,0
2039-03-01,AA14,221,7000000,55000,0.08,58551,0,0,0,0,0,0,0,0
2039-04-01,AA14,222,7000000,55000,0.08,58551,0,0,0,0,0,0,0,0
2039-05-01,AA14,223,7000000,55000,0.08,58551,0,0,0,0,0,0,0,0
2039-06-01,AA14,224,7000000,55000,0.08,58551,0,0,0,0,0,0,0,0
2039-07-01,AA14,225,7000000,55000,0.08,58551,0,0,0,0,0,0,0,0
2039-08-01,AA14,226,7000000,55000,0.08,58551,0,0,0,0,0,0,0,0
2039-09-01,AA14,227,7000000,55000,0.08,58551,0,0,0,0,0,0,0,0
2039-10-01,AA14,228,7000000,55000,0.08,58551,0,0,0,0,0,0,0,0
2039-11-01,AA14,229,7000000,55000,0.08,58551,0,0,0,0,0,0,0,0
2039-12-01,AA14,230,7000000,55000,0.08,58551,0,0,0,0,0,0,0,0
2040-01-01,AA14,231,7000000,55000,0.08,58551,0,0,0,0,0,0,0,0
2040-02-01,AA14,232,7000000,55000,0.08,58551,0,0,0,0,0,0,0,0
2040-03-01,AA14,233,7000000,55000,0.08,58551,0,0,0,0,0,0,0,0
2040-04-01,AA14,234,7000000,55000,0.08,58551,0,0,0,0,0,0,0,0
2040-05-01,AA14,235,7000000,55000,0.08,58551,0,0,0,0,0,0,0,0
2040-06-01,AA14,236,7000000,55000,0.08,58551,0,0,0,0,0,0,0,0
2040-07-01,AA14,237,7000000,55000,0.08,58551,0,0,0,0,0,0,0,0
2040-08-01,AA14,238,7000000,55000,0.08,58551,0,0,0,0,0,0,0,0
2040-09-01,AA14,239,7000000,55000,0.08,58551,0,0,0,0,0,0,0,0
2040-10-01,AA14,240,7000000,55000,0.08,58551,0,0,0,0,0,0,0,0
2020-11-01,AA15,1,15500000,100000,0.08,129648,0,0,0,0,0,0,0,0
2020-12-01,AA15,2,15500000,100000,0.08,129648,0,0,0,0,0,0,0,0
2021-01-01,AA15,3,15500000,100000,0.08,129648,0,0,0,0,0,0,0,0
2021-02-01,AA15,4,15500000,100000,0.08,129648,0,0,0,0,0,0,0,0
2021-03-01,AA15,5,15500000,100000,0.08,129648,0,0,0,0,0,0,0,0
2021-04-01,AA15,6,15500000,100000,0.08,129648,0,0,0,0,0,0,0,0
2021-05-01,AA15,7,15500000,100000,0.08,129648,0,0,0,0,0,0,0,0
2021-06-01,AA15,8,15500000,100000,0.08,129648,0,0,0,0,0,0,0,0
2021-07-01,AA15,9,15500000,100000,0.08,129648,0,0,0,0,0,0,0,0
2021-08-01,AA15,10,15500000,100000,0.08,129648,0,0,0,0,0,0,0,0
2021-09-01,AA15,11,15500000,100000,0.08,129648,0,0,0,0,0,0,0,0
2021-10-01,AA15,12,15500000,100000,0.08,129648,0,0,0,0,0,0,0,0
2021-11-01,AA15,13,15500000,100000,0.08,129648,0,0,0,0,0,0,0,0
2021-12-01,AA15,14,15500000,100000,0.08,129648,0,0,0,0,0,0,0,0
2022-01-01,AA15,15,15500000,100000,0.08,129648,0,0,0,0,0,0,0,0
2022-02-01,AA15,16,15500000,100000,0.08,129648,0,0,0,0,0,0,0,0
2022-03-01,AA15,17,15500000,100000,0.08,129648,0,0,0,0,0,0,0,0
2022-04-01,AA15,18,15500000,100000,0.08,129648,0,0,0,0,0,0,0,0
2022-05-01,AA15,19,15500000,100000,0.08,129648,0,0,0,0,0,0,0,0
2022-06-01,AA15,20,15500000,100000,0.08,129648,0,0,0,0,0,0,0,0
2022-07-01,AA15,21,15500000,100000,0.08,129648,0,0,0,0,0,0,0,0
2022-08-01,AA15,22,15500000,100000,0.08,129648,0,0,0,0,0,0,0,0
2022-09-01,AA15,23,15500000,100000,0.08,129648,0,0,0,0,0,0,0,0
2022-10-01,AA15,24,15500000,100000,0.08,129648,0,0,0,0,0,0,0,0
2022-11-01,AA15,25,15500000,100000,0.08,129648,0,0,0,0,0,0,0,0
2022-12-01,AA15,26,15500000,100000,0.08,129648,0,0,0,0,0,0,0,0
2023-01-01,AA15,27,15500000,100000,0.08,129648,0,0,0,0,0,0,0,0
2023-02-01,AA15,28,15500000,100000,0.08,129648,0,0,0,0,0,0,0,0
2023-03-01,AA15,29,15500000,100000,0.08,129648,0,0,0,0,0,0,0,0
2023-04-01,AA15,30,15500000,100000,0.08,129648,0,0,0,0,0,0,0,0
2023-05-01,AA15,31,15500000,100000,0.08,129648,0,0,0,0,0,0,0,0
2023-06-01,AA15,32,15500000,100000,0.08,129648,0,0,0,0,0,0,0,0
2023-07-01,AA15,33,15500000,100000,0.08,129648,0,0,0,0,0,0,0,0
2023-08-01,AA15,34,15500000,100000,0.08,129648,0,0,0,0,0,0,0,0
2023-09-01,AA15,35,15500000,100000,0.08,129648,0,0,0,0,0,0,0,0
2023-10-01,AA15,36,15500000,100000,0.08,129648,0,0,0,0,0,0,0,0
2023-11-01,AA15,37,15500000,100000,0.08,129648,0,0,0,0,0,0,0,0
2023-12-01,AA15,38,15500000,100000,0.08,129648,0,0,0,0,0,0,0,0
2024-01-01,AA15,39,15500000,100000,0.08,129648,0,0,0,0,0,0,0,0
2024-02-01,AA15,40,15500000,100000,0.08,129648,0,0,0,0,0,0,0,0
2024-03-01,AA15,41,15500000,100000,0.08,129648,0,0,0,0,0,0,0,0
2024-04-01,AA15,42,15500000,100000,0.08,129648,0,0,0,0,0,0,0,0
2024-05-01,AA15,43,15500000,100000,0.08,129648,0,0,0,0,0,0,0,0
2024-06-01,AA15,44,15500000,100000,0.08,129648,0,0,0,0,0,0,0,0
2024-07-01,AA15,45,15500000,100000,0.08,129648,0,0,0,0,0,0,0,0
2024-08-01,AA15,46,15500000,100000,0.08,129648,0,0,0,0,0,0,0,0
2024-09-01,AA15,47,15500000,100000,0.08,129648,0,0,0,0,0,0,0,0
2024-10-01,AA15,48,15500000,100000,0.08,129648,0,0,0,0,0,0,0,0
2024-11-01,AA15,49,15500000,100000,0.08,129648,0,0,0,0,0,0,0,0
2024-12-01,AA15,50,15500000,100000,0.08,129648,0,0,0,0,0,0,0,0
2025-01-01,AA15,51,15500000,100000,0.08,129648,0,0,0,0,0,0,0,0
2025-02-01,AA15,52,15500000,100000,0.08,129648,0,0,0,0,0,0,0,0
2025-03-01,AA15,53,15500000,100000,0.08,129648,0,0,0,0,0,0,0,0
2025-04-01,AA15,54,15500000,100000,0.08,129648,0,0,0,0,0,0,0,0
2025-05-01,AA15,55,15500000,100000,0.08,129648,0,0,0,0,0,0,0,0
2025-06-01,AA15,56,15500000,100000,0.08,129648,0,0,0,0,0,0,0,0
2025-07-01,AA15,57,15500000,100000,0.08,129648,0,0,0,0,0,0,0,0
2025-08-01,AA15,58,15500000,100000,0.08,129648,0,0,0,0,0,0,0,0
2025-09-01,AA15,59,15500000,100000,0.08,129648,0,0,0,0,0,0,0,0
2025-10-01,AA15,60,15500000,100000,0.08,129648,0,0,0,0,0,0,0,0
2025-11-01,AA15,61,15500000,100000,0.08,129648,0,0,0,0,0,0,0,0
2025-12-01,AA15,62,15500000,100000,0.08,129648,0,0,0,0,0,0,0,0
2026-01-01,AA15,63,15500000,100000,0.08,129648,0,0,0,0,0,0,0,0
2026-02-01,AA15,64,15500000,100000,0.08,129648,0,0,0,0,0,0,0,0
2026-03-01,AA15,65,15500000,100000,0.08,129648,0,0,0,0,0,0,0,0
2026-04-01,AA15,66,15500000,100000,0.08,129648,0,0,0,0,0,0,0,0
2026-05-01,AA15,67,15500000,100000,0.08,129648,0,0,0,0,0,0,0,0
2026-06-01,AA15,68,15500000,100000,0.08,129648,0,0,0,0,0,0,0,0
2026-07-01,AA15,69,15500000,100000,0.08,129648,0,0,0,0,0,0,0,0
2026-08-01,AA15,70,15500000,100000,0.08,129648,0,0,0,0,0,0,0,0
2026-09-01,AA15,71,15500000,100000,0.08,129648,0,0,0,0,0,0,0,0
2026-10-01,AA15,72,15500000,100000,0.08,129648,0,0,0,0,0,0,0,0
2026-11-01,AA15,73,15500000,100000,0.08,129648,0,0,0,0,0,0,0,0
2026-12-01,AA15,74,15500000,100000,0.08,129648,0,0,0,0,0,0,0,0
2027-01-01,AA15,75,15500000,100000,0.08,129648,0,0,0,0,0,0,0,0
2027-02-01,AA15,76,15500000,100000,0.08,129648,0,0,0,0,0,0,0,0
2027-03-01,AA15,77,15500000,100000,0.08,129648,0,0,0,0,0,0,0,0
2027-04-01,AA15,78,15500000,100000,0.08,129648,0,0,0,0,0,0,0,0
2027-05-01,AA15,79,15500000,100000,0.08,129648,0,0,0,0,0,0,0,0
2027-06-01,AA15,80,15500000,100000,0.08,129648,0,0,0,0,0,0,0,0
2027-07-01,AA15,81,15500000,100000,0.08,129648,0,0,0,0,0,0,0,0
2027-08-01,AA15,82,15500000,100000,0.08,129648,0,0,0,0,0,0,0,0
2027-09-01,AA15,83,15500000,100000,0.08,129648,0,0,0,0,0,0,0,0
2027-10-01,AA15,84,15500000,100000,0.08,129648,0,0,0,0,0,0,0,0
2027-11-01,AA15,85,15500000,100000,0.08,129648,0,0,0,0,0,0,0,0
2027-12-01,AA15,86,15500000,100000,0.08,129648,0,0,0,0,0,0,0,0
2028-01-01,AA15,87,15500000,100000,0.08,129648,0,0,0,0,0,0,0,0
2028-02-01,AA15,88,15500000,100000,0.08,129648,0,0,0,0,0,0,0,0
2028-03-01,AA15,89,15500000,100000,0.08,129648,0,0,0,0,0,0,0,0
2028-04-01,AA15,90,15500000,100000,0.08,129648,0,0,0,0,0,0,0,0
2028-05-01,AA15,91,15500000,100000,0.08,129648,0,0,0,0,0,0,0,0
2028-06-01,AA15,92,15500000,100000,0.08,129648,0,0,0,0,0,0,0,0
2028-07-01,AA15,93,15500000,100000,0.08,129648,0,0,0,0,0,0,0,0
2028-08-01,AA15,94,15500000,100000,0.08,129648,0,0,0,0,0,0,0,0
2028-09-01,AA15,95,15500000,100000,0.08,129648,0,0,0,0,0,0,0,0
2028-10-01,AA15,96,15500000,100000,0.08,129648,0,0,0,0,0,0,0,0
2028-11-01,AA15,97,15500000,100000,0.08,129648,0,0,0,0,0,0,0,0
2028-12-01,AA15,98,15500000,100000,0.08,129648,0,0,0,0,0,0,0,0
2029-01-01,AA15,99,15500000,100000,0.08,129648,0,0,0,0,0,0,0,0
2029-02-01,AA15,100,15500000,100000,0.08,129648,0,0,0,0,0,0,0,0
2029-03-01,AA15,101,15500000,100000,0.08,129648,0,0,0,0,0,0,0,0
2029-04-01,AA15,102,15500000,100000,0.08,129648,0,0,0,0,0,0,0,0
2029-05-01,AA15,103,15500000,100000,0.08,129648,0,0,0,0,0,0,0,0
2029-06-01,AA15,104,15500000,100000,0.08,129648,0,0,0,0,0,0,0,0
2029-07-01,AA15,105,15500000,100000,0.08,129648,0,0,0,0,0,0,0,0
2029-08-01,AA15,106,15500000,100000,0.08,129648,0,0,0,0,0,0,0,0
2029-09-01,AA15,107,15500000,100000,0.08,129648,0,0,0,0,0,0,0,0
2029-10-01,AA15,108,15500000,100000,0.08,129648,0,0,0,0,0,0,0,0
2029-11-01,AA15,109,15500000,100000,0.08,129648,0,0,0,0,0,0,0,0
2029-12-01,AA15,110,15500000,100000,0.08,129648,0,0,0,0,0,0,0,0
2030-01-01,AA15,111,15500000,100000,0.08,129648,0,0,0,0,0,0,0,0
2030-02-01,AA15,112,15500000,100000,0.08,129648,0,0,0,0,0,0,0,0
2030-03-01,AA15,113,15500000,100000,0.08,129648,0,0,0,0,0,0,0,0
2030-04-01,AA15,114,15500000,100000,0.08,129648,0,0,0,0,0,0,0,0
2030-05-01,AA15,115,15500000,100000,0.08,129648,0,0,0,0,0,0,0,0
2030-06-01,AA15,116,15500000,100000,0.08,129648,0,0,0,0,0,0,0,0
2030-07-01,AA15,117,15500000,100000,0.08,129648,0,0,0,0,0,0,0,0
2030-08-01,AA15,118,15500000,100000,0.08,129648,0,0,0,0,0,0,0,0
2030-09-01,AA15,119,15500000,100000,0.08,129648,0,0,0,0,0,0,0,0
2030-10-01,AA15,120,15500000,100000,0.08,129648,0,0,0,0,0,0,0,0
2030-11-01,AA15,121,15500000,100000,0.08,129648,0,0,0,0,0,0,0,0
2030-12-01,AA15,122,15500000,100000,0.08,129648,0,0,0,0,0,0,0,0
2031-01-01,AA15,123,15500000,100000,0.08,129648,0,0,0,0,0,0,0,0
2031-02-01,AA15,124,15500000,100000,0.08,129648,0,0,0,0,0,0,0,0
2031-03-01,AA15,125,15500000,100000,0.08,129648,0,0,0,0,0,0,0,0
2031-04-01,AA15,126,15500000,100000,0.08,129648,0,0,0,0,0,0,0,0
2031-05-01,AA15,127,15500000,100000,0.08,129648,0,0,0,0,0,0,0,0
2031-06-01,AA15,128,15500000,100000,0.08,129648,0,0,0,0,0,0,0,0
2031-07-01,AA15,129,15500000,100000,0.08,129648,0,0,0,0,0,0,0,0
2031-08-01,AA15,130,15500000,100000,0.08,129648,0,0,0,0,0,0,0,0
2031-09-01,AA15,131,15500000,100000,0.08,129648,0,0,0,0,0,0,0,0
2031-10-01,AA15,132,15500000,100000,0.08,129648,0,0,0,0,0,0,0,0
2031-11-01,AA15,133,15500000,100000,0.08,129648,0,0,0,0,0,0,0,0
2031-12-01,AA15,134,15500000,100000,0.08,129648,0,0,0,0,0,0,0,0
2032-01-01,AA15,135,15500000,100000,0.08,129648,0,0,0,0,0,0,0,0
2032-02-01,AA15,136,15500000,100000,0.08,129648,0,0,0,0,0,0,0,0
2032-03-01,AA15,137,15500000,100000,0.08,129648,0,0,0,0,0,0,0,0
2032-04-01,AA15,138,15500000,100000,0.08,129648,0,0,0,0,0,0,0,0
2032-05-01,AA15,139,15500000,100000,0.08,129648,0,0,0,0,0,0,0,0
2032-06-01,AA15,140,15500000,100000,0.08,129648,0,0,0,0,0,0,0,0
2032-07-01,AA15,141,15500000,100000,0.08,129648,0,0,0,0,0,0,0,0
2032-08-01,AA15,142,15500000,100000,0.08,129648,0,0,0,0,0,0,0,0
2032-09-01,AA15,143,15500000,100000,0.08,129648,0,0,0,0,0,0,0,0
2032-10-01,AA15,144,15500000,100000,0.08,129648,0,0,0,0,0,0,0,0
2032-11-01,AA15,145,15500000,100000,0.08,129648,0,0,0,0,0,0,0,0
2032-12-01,AA15,146,15500000,100000,0.08,129648,0,0,0,0,0,0,0,0
2033-01-01,AA15,147,15500000,100000,0.08,129648,0,0,0,0,0,0,0,0
2033-02-01,AA15,148,15500000,100000,0.08,129648,0,0,0,0,0,0,0,0
2033-03-01,AA15,149,15500000,100000,0.08,129648,0,0,0,0,0,0,0,0
2033-04-01,AA15,150,15500000,100000,0.08,129648,0,0,0,0,0,0,0,0
2033-05-01,AA15,151,15500000,100000,0.08,129648,0,0,0,0,0,0,0,0
2033-06-01,AA15,152,15500000,100000,0.08,129648,0,0,0,0,0,0,0,0
2033-07-01,AA15,153,15500000,100000,0.08,129648,0,0,0,0,0,0,0,0
2033-08-01,AA15,154,15500000,100000,0.08,129648,0,0,0,0,0,0,0,0
2033-09-01,AA15,155,15500000,100000,0.08,129648,0,0,0,0,0,0,0,0
2033-10-01,AA15,156,15500000,100000,0.08,129648,0,0,0,0,0,0,0,0
2033-11-01,AA15,157,15500000,100000,0.08,129648,0,0,0,0,0,0,0,0
2033-12-01,AA15,158,15500000,100000,0.08,129648,0,0,0,0,0,0,0,0
2034-01-01,AA15,159,15500000,100000,0.08,129648,0,0,0,0,0,0,0,0
2034-02-01,AA15,160,15500000,100000,0.08,129648,0,0,0,0,0,0,0,0
2034-03-01,AA15,161,15500000,100000,0.08,129648,0,0,0,0,0,0,0,0
2034-04-01,AA15,162,15500000,100000,0.08,129648,0,0,0,0,0,0,0,0
2034-05-01,AA15,163,15500000,100000,0.08,129648,0,0,0,0,0,0,0,0
2034-06-01,AA15,164,15500000,100000,0.08,129648,0,0,0,0,0,0,0,0
2034-07-01,AA15,165,15500000,100000,0.08,129648,0,0,0,0,0,0,0,0
2034-08-01,AA15,166,15500000,100000,0.08,129648,0,0,0,0,0,0,0,0
2034-09-01,AA15,167,15500000,100000,0.08,129648,0,0,0,0,0,0,0,0
2034-10-01,AA15,168,15500000,100000,0.08,129648,0,0,0,0,0,0,0,0
2034-11-01,AA15,169,15500000,100000,0.08,129648,0,0,0,0,0,0,0,0
2034-12-01,AA15,170,15500000,100000,0.08,129648,0,0,0,0,0,0,0,0
2035-01-01,AA15,171,15500000,100000,0.08,129648,0,0,0,0,0,0,0,0
2035-02-01,AA15,172,15500000,100000,0.08,129648,0,0,0,0,0,0,0,0
2035-03-01,AA15,173,15500000,100000,0.08,129648,0,0,0,0,0,0,0,0
2035-04-01,AA15,174,15500000,100000,0.08,129648,0,0,0,0,0,0,0,0
2035-05-01,AA15,175,15500000,100000,0.08,129648,0,0,0,0,0,0,0,0
2035-06-01,AA15,176,15500000,100000,0.08,129648,0,0,0,0,0,0,0,0
2035-07-01,AA15,177,15500000,100000,0.08,129648,0,0,0,0,0,0,0,0
2035-08-01,AA15,178,15500000,100000,0.08,129648,0,0,0,0,0,0,0,0
2035-09-01,AA15,179,15500000,100000,0.08,129648,0,0,0,0,0,0,0,0
2035-10-01,AA15,180,15500000,100000,0.08,129648,0,0,0,0,0,0,0,0
2035-11-01,AA15,181,15500000,100000,0.08,129648,0,0,0,0,0,0,0,0
2035-12-01,AA15,182,15500000,100000,0.08,129648,0,0,0,0,0,0,0,0
2036-01-01,AA15,183,15500000,100000,0.08,129648,0,0,0,0,0,0,0,0
2036-02-01,AA15,184,15500000,100000,0.08,129648,0,0,0,0,0,0,0,0
2036-03-01,AA15,185,15500000,100000,0.08,129648,0,0,0,0,0,0,0,0
2036-04-01,AA15,186,15500000,100000,0.08,129648,0,0,0,0,0,0,0,0
2036-05-01,AA15,187,15500000,100000,0.08,129648,0,0,0,0,0,0,0,0
2036-06-01,AA15,188,15500000,100000,0.08,129648,0,0,0,0,0,0,0,0
2036-07-01,AA15,189,15500000,100000,0.08,129648,0,0,0,0,0,0,0,0
2036-08-01,AA15,190,15500000,100000,0.08,129648,0,0,0,0,0,0,0,0
2036-09-01,AA15,191,15500000,100000,0.08,129648,0,0,0,0,0,0,0,0
2036-10-01,AA15,192,15500000,100000,0.08,129648,0,0,0,0,0,0,0,0
2036-11-01,AA15,193,15500000,100000,0.08,129648,0,0,0,0,0,0,0,0
2036-12-01,AA15,194,15500000,100000,0.08,129648,0,0,0,0,0,0,0,0
2037-01-01,AA15,195,15500000,100000,0.08,129648,0,0,0,0,0,0,0,0
2037-02-01,AA15,196,15500000,100000,0.08,129648,0,0,0,0,0,0,0,0
2037-03-01,AA15,197,15500000,100000,0.08,129648,0,0,0,0,0,0,0,0
2037-04-01,AA15,198,15500000,100000,0.08,129648,0,0,0,0,0,0,0,0
2037-05-01,AA15,199,15500000,100000,0.08,129648,0,0,0,0,0,0,0,0
2037-06-01,AA15,200,15500000,100000,0.08,129648,0,0,0,0,0,0,0,0
2037-07-01,AA15,201,15500000,100000,0.08,129648,0,0,0,0,0,0,0,0
2037-08-01,AA15,202,15500000,100000,0.08,129648,0,0,0,0,0,0,0,0
2037-09-01,AA15,203,15500000,100000,0.08,129648,0,0,0,0,0,0,0,0
2037-10-01,AA15,204,15500000,100000,0.08,129648,0,0,0,0,0,0,0,0
2037-11-01,AA15,205,15500000,100000,0.08,129648,0,0,0,0,0,0,0,0
2037-12-01,AA15,206,15500000,100000,0.08,129648,0,0,0,0,0,0,0,0
2038-01-01,AA15,207,15500000,100000,0.08,129648,0,0,0,0,0,0,0,0
2038-02-01,AA15,208,15500000,100000,0.08,129648,0,0,0,0,0,0,0,0
2038-03-01,AA15,209,15500000,100000,0.08,129648,0,0,0,0,0,0,0,0
2038-04-01,AA15,210,15500000,100000,0.08,129648,0,0,0,0,0,0,0,0
2038-05-01,AA15,211,15500000,100000,0.08,129648,0,0,0,0,0,0,0,0
2038-06-01,AA15,212,15500000,100000,0.08,129648,0,0,0,0,0,0,0,0
2038-07-01,AA15,213,15500000,100000,0.08,129648,0,0,0,0,0,0,0,0
2038-08-01,AA15,214,15500000,100000,0.08,129648,0,0,0,0,0,0,0,0
2038-09-01,AA15,215,15500000,100000,0.08,129648,0,0,0,0,0,0,0,0
2038-10-01,AA15,216,15500000,100000,0.08,129648,0,0,0,0,0,0,0,0
2038-11-01,AA15,217,15500000,100000,0.08,129648,0,0,0,0,0,0,0,0
2038-12-01,AA15,218,15500000,100000,0.08,129648,0,0,0,0,0,0,0,0
2039-01-01,AA15,219,15500000,100000,0.08,129648,0,0,0,0,0,0,0,0
2039-02-01,AA15,220,15500000,100000,0.08,129648,0,0,0,0,0,0,0,0
2039-03-01,AA15,221,15500000,100000,0.08,129648,0,0,0,0,0,0,0,0
2039-04-01,AA15,222,15500000,100000,0.08,129648,0,0,0,0,0,0,0,0
2039-05-01,AA15,223,15500000,100000,0.08,129648,0,0,0,0,0,0,0,0
2039-06-01,AA15,224,15500000,100000,0.08,129648,0,0,0,0,0,0,0,0
2039-07-01,AA15,225,15500000,100000,0.08,129648,0,0,0,0,0,0,0,0
2039-08-01,AA15,226,15500000,100000,0.08,129648,0,0,0,0,0,0,0,0
2039-09-01,AA15,227,15500000,100000,0.08,129648,0,0,0,0,0,0,0,0
2039-10-01,AA15,228,15500000,100000,0.08,129648,0,0,0,0,0,0,0,0
2039-11-01,AA15,229,15500000,100000,0.08,129648,0,0,0,0,0,0,0,0
2039-12-01,AA15,230,15500000,100000,0.08,129648,0,0,0,0,0,0,0,0
2040-01-01,AA15,231,15500000,100000,0.08,129648,0,0,0,0,0,0,0,0
2040-02-01,AA15,232,15500000,100000,0.08,129648,0,0,0,0,0,0,0,0
2040-03-01,AA15,233,15500000,100000,0.08,129648,0,0,0,0,0,0,0,0
2040-04-01,AA15,234,15500000,100000,0.08,129648,0,0,0,0,0,0,0,0
2040-05-01,AA15,235,15500000,100000,0.08,129648,0,0,0,0,0,0,0,0
2040-06-01,AA15,236,15500000,100000,0.08,129648,0,0,0,0,0,0,0,0
2040-07-01,AA15,237,15500000,100000,0.08,129648,0,0,0,0,0,0,0,0
2040-08-01,AA15,238,15500000,100000,0.08,129648,0,0,0,0,0,0,0,0
2040-09-01,AA15,239,15500000,100000,0.08,129648,0,0,0,0,0,0,0,0
2040-10-01,AA15,240,15500000,100000,0.08,129648,0,0,0,0,0,0,0,0
2020-11-01,AA16,1,9500000,75000,0.08,79462,0,0,0,0,0,0,0,0
2020-12-01,AA16,2,9500000,75000,0.08,79462,0,0,0,0,0,0,0,0
2021-01-01,AA16,3,9500000,75000,0.08,79462,0,0,0,0,0,0,0,0
2021-02-01,AA16,4,9500000,75000,0.08,79462,0,0,0,0,0,0,0,0
2021-03-01,AA16,5,9500000,75000,0.08,79462,0,0,0,0,0,0,0,0
2021-04-01,AA16,6,9500000,75000,0.08,79462,0,0,0,0,0,0,0,0
2021-05-01,AA16,7,9500000,75000,0.08,79462,0,0,0,0,0,0,0,0
2021-06-01,AA16,8,9500000,75000,0.08,79462,0,0,0,0,0,0,0,0
2021-07-01,AA16,9,9500000,75000,0.08,79462,0,0,0,0,0,0,0,0
2021-08-01,AA16,10,9500000,75000,0.08,79462,0,0,0,0,0,0,0,0
2021-09-01,AA16,11,9500000,75000,0.08,79462,0,0,0,0,0,0,0,0
2021-10-01,AA16,12,9500000,75000,0.08,79462,0,0,0,0,0,0,0,0
2021-11-01,AA16,13,9500000,75000,0.08,79462,0,0,0,0,0,0,0,0
2021-12-01,AA16,14,9500000,75000,0.08,79462,0,0,0,0,0,0,0,0
2022-01-01,AA16,15,9500000,75000,0.08,79462,0,0,0,0,0,0,0,0
2022-02-01,AA16,16,9500000,75000,0.08,79462,0,0,0,0,0,0,0,0
2022-03-01,AA16,17,9500000,75000,0.08,79462,0,0,0,0,0,0,0,0
2022-04-01,AA16,18,9500000,75000,0.08,79462,0,0,0,0,0,0,0,0
2022-05-01,AA16,19,9500000,75000,0.08,79462,0,0,0,0,0,0,0,0
2022-06-01,AA16,20,9500000,75000,0.08,79462,0,0,0,0,0,0,0,0
2022-07-01,AA16,21,9500000,75000,0.08,79462,0,0,0,0,0,0,0,0
2022-08-01,AA16,22,9500000,75000,0.08,79462,0,0,0,0,0,0,0,0
2022-09-01,AA16,23,9500000,75000,0.08,79462,0,0,0,0,0,0,0,0
2022-10-01,AA16,24,9500000,75000,0.08,79462,0,0,0,0,0,0,0,0
2022-11-01,AA16,25,9500000,75000,0.08,79462,0,0,0,0,0,0,0,0
2022-12-01,AA16,26,9500000,75000,0.08,79462,0,0,0,0,0,0,0,0
2023-01-01,AA16,27,9500000,75000,0.08,79462,0,0,0,0,0,0,0,0
2023-02-01,AA16,28,9500000,75000,0.08,79462,0,0,0,0,0,0,0,0
2023-03-01,AA16,29,9500000,75000,0.08,79462,0,0,0,0,0,0,0,0
2023-04-01,AA16,30,9500000,75000,0.08,79462,0,0,0,0,0,0,0,0
2023-05-01,AA16,31,9500000,75000,0.08,79462,0,0,0,0,0,0,0,0
2023-06-01,AA16,32,9500000,75000,0.08,79462,0,0,0,0,0,0,0,0
2023-07-01,AA16,33,9500000,75000,0.08,79462,0,0,0,0,0,0,0,0
2023-08-01,AA16,34,9500000,75000,0.08,79462,0,0,0,0,0,0,0,0
2023-09-01,AA16,35,9500000,75000,0.08,79462,0,0,0,0,0,0,0,0
2023-10-01,AA16,36,9500000,75000,0.08,79462,0,0,0,0,0,0,0,0
2023-11-01,AA16,37,9500000,75000,0.08,79462,0,0,0,0,0,0,0,0
2023-12-01,AA16,38,9500000,75000,0.08,79462,0,0,0,0,0,0,0,0
2024-01-01,AA16,39,9500000,75000,0.08,79462,0,0,0,0,0,0,0,0
2024-02-01,AA16,40,9500000,75000,0.08,79462,0,0,0,0,0,0,0,0
2024-03-01,AA16,41,9500000,75000,0.08,79462,0,0,0,0,0,0,0,0
2024-04-01,AA16,42,9500000,75000,0.08,79462,0,0,0,0,0,0,0,0
2024-05-01,AA16,43,9500000,75000,0.08,79462,0,0,0,0,0,0,0,0
2024-06-01,AA16,44,9500000,75000,0.08,79462,0,0,0,0,0,0,0,0
2024-07-01,AA16,45,9500000,75000,0.08,79462,0,0,0,0,0,0,0,0
2024-08-01,AA16,46,9500000,75000,0.08,79462,0,0,0,0,0,0,0,0
2024-09-01,AA16,47,9500000,75000,0.08,79462,0,0,0,0,0,0,0,0
2024-10-01,AA16,48,9500000,75000,0.08,79462,0,0,0,0,0,0,0,0
2024-11-01,AA16,49,9500000,75000,0.08,79462,0,0,0,0,0,0,0,0
2024-12-01,AA16,50,9500000,75000,0.08,79462,0,0,0,0,0,0,0,0
2025-01-01,AA16,51,9500000,75000,0.08,79462,0,0,0,0,0,0,0,0
2025-02-01,AA16,52,9500000,75000,0.08,79462,0,0,0,0,0,0,0,0
2025-03-01,AA16,53,9500000,75000,0.08,79462,0,0,0,0,0,0,0,0
2025-04-01,AA16,54,9500000,75000,0.08,79462,0,0,0,0,0,0,0,0
2025-05-01,AA16,55,9500000,75000,0.08,79462,0,0,0,0,0,0,0,0
2025-06-01,AA16,56,9500000,75000,0.08,79462,0,0,0,0,0,0,0,0
2025-07-01,AA16,57,9500000,75000,0.08,79462,0,0,0,0,0,0,0,0
2025-08-01,AA16,58,9500000,75000,0.08,79462,0,0,0,0,0,0,0,0
2025-09-01,AA16,59,9500000,75000,0.08,79462,0,0,0,0,0,0,0,0
2025-10-01,AA16,60,9500000,75000,0.08,79462,0,0,0,0,0,0,0,0
2025-11-01,AA16,61,9500000,75000,0.08,79462,0,0,0,0,0,0,0,0
2025-12-01,AA16,62,9500000,75000,0.08,79462,0,0,0,0,0,0,0,0
2026-01-01,AA16,63,9500000,75000,0.08,79462,0,0,0,0,0,0,0,0
2026-02-01,AA16,64,9500000,75000,0.08,79462,0,0,0,0,0,0,0,0
2026-03-01,AA16,65,9500000,75000,0.08,79462,0,0,0,0,0,0,0,0
2026-04-01,AA16,66,9500000,75000,0.08,79462,0,0,0,0,0,0,0,0
2026-05-01,AA16,67,9500000,75000,0.08,79462,0,0,0,0,0,0,0,0
2026-06-01,AA16,68,9500000,75000,0.08,79462,0,0,0,0,0,0,0,0
2026-07-01,AA16,69,9500000,75000,0.08,79462,0,0,0,0,0,0,0,0
2026-08-01,AA16,70,9500000,75000,0.08,79462,0,0,0,0,0,0,0,0
2026-09-01,AA16,71,9500000,75000,0.08,79462,0,0,0,0,0,0,0,0
2026-10-01,AA16,72,9500000,75000,0.08,79462,0,0,0,0,0,0,0,0
2026-11-01,AA16,73,9500000,75000,0.08,79462,0,0,0,0,0,0,0,0
2026-12-01,AA16,74,9500000,75000,0.08,79462,0,0,0,0,0,0,0,0
2027-01-01,AA16,75,9500000,75000,0.08,79462,0,0,0,0,0,0,0,0
2027-02-01,AA16,76,9500000,75000,0.08,79462,0,0,0,0,0,0,0,0
2027-03-01,AA16,77,9500000,75000,0.08,79462,0,0,0,0,0,0,0,0
2027-04-01,AA16,78,9500000,75000,0.08,79462,0,0,0,0,0,0,0,0
2027-05-01,AA16,79,9500000,75000,0.08,79462,0,0,0,0,0,0,0,0
2027-06-01,AA16,80,9500000,75000,0.08,79462,0,0,0,0,0,0,0,0
2027-07-01,AA16,81,9500000,75000,0.08,79462,0,0,0,0,0,0,0,0
2027-08-01,AA16,82,9500000,75000,0.08,79462,0,0,0,0,0,0,0,0
2027-09-01,AA16,83,9500000,75000,0.08,79462,0,0,0,0,0,0,0,0
2027-10-01,AA16,84,9500000,75000,0.08,79462,0,0,0,0,0,0,0,0
2027-11-01,AA16,85,9500000,75000,0.08,79462,0,0,0,0,0,0,0,0
2027-12-01,AA16,86,9500000,75000,0.08,79462,0,0,0,0,0,0,0,0
2028-01-01,AA16,87,9500000,75000,0.08,79462,0,0,0,0,0,0,0,0
2028-02-01,AA16,88,9500000,75000,0.08,79462,0,0,0,0,0,0,0,0
2028-03-01,AA16,89,9500000,75000,0.08,79462,0,0,0,0,0,0,0,0
2028-04-01,AA16,90,9500000,75000,0.08,79462,0,0,0,0,0,0,0,0
2028-05-01,AA16,91,9500000,75000,0.08,79462,0,0,0,0,0,0,0,0
2028-06-01,AA16,92,9500000,75000,0.08,79462,0,0,0,0,0,0,0,0
2028-07-01,AA16,93,9500000,75000,0.08,79462,0,0,0,0,0,0,0,0
2028-08-01,AA16,94,9500000,75000,0.08,79462,0,0,0,0,0,0,0,0
2028-09-01,AA16,95,9500000,75000,0.08,79462,0,0,0,0,0,0,0,0
2028-10-01,AA16,96,9500000,75000,0.08,79462,0,0,0,0,0,0,0,0
2028-11-01,AA16,97,9500000,75000,0.08,79462,0,0,0,0,0,0,0,0
2028-12-01,AA16,98,9500000,75000,0.08,79462,0,0,0,0,0,0,0,0
2029-01-01,AA16,99,9500000,75000,0.08,79462,0,0,0,0,0,0,0,0
2029-02-01,AA16,100,9500000,75000,0.08,79462,0,0,0,0,0,0,0,0
2029-03-01,AA16,101,9500000,75000,0.08,79462,0,0,0,0,0,0,0,0
2029-04-01,AA16,102,9500000,75000,0.08,79462,0,0,0,0,0,0,0,0
2029-05-01,AA16,103,9500000,75000,0.08,79462,0,0,0,0,0,0,0,0
2029-06-01,AA16,104,9500000,75000,0.08,79462,0,0,0,0,0,0,0,0
2029-07-01,AA16,105,9500000,75000,0.08,79462,0,0,0,0,0,0,0,0
2029-08-01,AA16,106,9500000,75000,0.08,79462,0,0,0,0,0,0,0,0
2029-09-01,AA16,107,9500000,75000,0.08,79462,0,0,0,0,0,0,0,0
2029-10-01,AA16,108,9500000,75000,0.08,79462,0,0,0,0,0,0,0,0
2029-11-01,AA16,109,9500000,75000,0.08,79462,0,0,0,0,0,0,0,0
2029-12-01,AA16,110,9500000,75000,0.08,79462,0,0,0,0,0,0,0,0
2030-01-01,AA16,111,9500000,75000,0.08,79462,0,0,0,0,0,0,0,0
2030-02-01,AA16,112,9500000,75000,0.08,79462,0,0,0,0,0,0,0,0
2030-03-01,AA16,113,9500000,75000,0.08,79462,0,0,0,0,0,0,0,0
2030-04-01,AA16,114,9500000,75000,0.08,79462,0,0,0,0,0,0,0,0
2030-05-01,AA16,115,9500000,75000,0.08,79462,0,0,0,0,0,0,0,0
2030-06-01,AA16,116,9500000,75000,0.08,79462,0,0,0,0,0,0,0,0
2030-07-01,AA16,117,9500000,75000,0.08,79462,0,0,0,0,0,0,0,0
2030-08-01,AA16,118,9500000,75000,0.08,79462,0,0,0,0,0,0,0,0
2030-09-01,AA16,119,9500000,75000,0.08,79462,0,0,0,0,0,0,0,0
2030-10-01,AA16,120,9500000,75000,0.08,79462,0,0,0,0,0,0,0,0
2030-11-01,AA16,121,9500000,75000,0.08,79462,0,0,0,0,0,0,0,0
2030-12-01,AA16,122,9500000,75000,0.08,79462,0,0,0,0,0,0,0,0
2031-01-01,AA16,123,9500000,75000,0.08,79462,0,0,0,0,0,0,0,0
2031-02-01,AA16,124,9500000,75000,0.08,79462,0,0,0,0,0,0,0,0
2031-03-01,AA16,125,9500000,75000,0.08,79462,0,0,0,0,0,0,0,0
2031-04-01,AA16,126,9500000,75000,0.08,79462,0,0,0,0,0,0,0,0
2031-05-01,AA16,127,9500000,75000,0.08,79462,0,0,0,0,0,0,0,0
2031-06-01,AA16,128,9500000,75000,0.08,79462,0,0,0,0,0,0,0,0
2031-07-01,AA16,129,9500000,75000,0.08,79462,0,0,0,0,0,0,0,0
2031-08-01,AA16,130,9500000,75000,0.08,79462,0,0,0,0,0,0,0,0
2031-09-01,AA16,131,9500000,75000,0.08,79462,0,0,0,0,0,0,0,0
2031-10-01,AA16,132,9500000,75000,0.08,79462,0,0,0,0,0,0,0,0
2031-11-01,AA16,133,9500000,75000,0.08,79462,0,0,0,0,0,0,0,0
2031-12-01,AA16,134,9500000,75000,0.08,79462,0,0,0,0,0,0,0,0
2032-01-01,AA16,135,9500000,75000,0.08,79462,0,0,0,0,0,0,0,0
2032-02-01,AA16,136,9500000,75000,0.08,79462,0,0,0,0,0,0,0,0
2032-03-01,AA16,137,9500000,75000,0.08,79462,0,0,0,0,0,0,0,0
2032-04-01,AA16,138,9500000,75000,0.08,79462,0,0,0,0,0,0,0,0
2032-05-01,AA16,139,9500000,75000,0.08,79462,0,0,0,0,0,0,0,0
2032-06-01,AA16,140,9500000,75000,0.08,79462,0,0,0,0,0,0,0,0
2032-07-01,AA16,141,9500000,75000,0.08,79462,0,0,0,0,0,0,0,0
2032-08-01,AA16,142,9500000,75000,0.08,79462,0,0,0,0,0,0,0,0
2032-09-01,AA16,143,9500000,75000,0.08,79462,0,0,0,0,0,0,0,0
2032-10-01,AA16,144,9500000,75000,0.08,79462,0,0,0,0,0,0,0,0
2032-11-01,AA16,145,9500000,75000,0.08,79462,0,0,0,0,0,0,0,0
2032-12-01,AA16,146,9500000,75000,0.08,79462,0,0,0,0,0,0,0,0
2033-01-01,AA16,147,9500000,75000,0.08,79462,0,0,0,0,0,0,0,0
2033-02-01,AA16,148,9500000,75000,0.08,79462,0,0,0,0,0,0,0,0
2033-03-01,AA16,149,9500000,75000,0.08,79462,0,0,0,0,0,0,0,0
2033-04-01,AA16,150,9500000,75000,0.08,79462,0,0,0,0,0,0,0,0
2033-05-01,AA16,151,9500000,75000,0.08,79462,0,0,0,0,0,0,0,0
2033-06-01,AA16,152,9500000,75000,0.08,79462,0,0,0,0,0,0,0,0
2033-07-01,AA16,153,9500000,75000,0.08,79462,0,0,0,0,0,0,0,0
2033-08-01,AA16,154,9500000,75000,0.08,79462,0,0,0,0,0,0,0,0
2033-09-01,AA16,155,9500000,75000,0.08,79462,0,0,0,0,0,0,0,0
2033-10-01,AA16,156,9500000,75000,0.08,79462,0,0,0,0,0,0,0,0
2033-11-01,AA16,157,9500000,75000,0.08,79462,0,0,0,0,0,0,0,0
2033-12-01,AA16,158,9500000,75000,0.08,79462,0,0,0,0,0,0,0,0
2034-01-01,AA16,159,9500000,75000,0.08,79462,0,0,0,0,0,0,0,0
2034-02-01,AA16,160,9500000,75000,0.08,79462,0,0,0,0,0,0,0,0
2034-03-01,AA16,161,9500000,75000,0.08,79462,0,0,0,0,0,0,0,0
2034-04-01,AA16,162,9500000,75000,0.08,79462,0,0,0,0,0,0,0,0
2034-05-01,AA16,163,9500000,75000,0.08,79462,0,0,0,0,0,0,0,0
2034-06-01,AA16,164,9500000,75000,0.08,79462,0,0,0,0,0,0,0,0
2034-07-01,AA16,165,9500000,75000,0.08,79462,0,0,0,0,0,0,0,0
2034-08-01,AA16,166,9500000,75000,0.08,79462,0,0,0,0,0,0,0,0
2034-09-01,AA16,167,9500000,75000,0.08,79462,0,0,0,0,0,0,0,0
2034-10-01,AA16,168,9500000,75000,0.08,79462,0,0,0,0,0,0,0,0
2034-11-01,AA16,169,9500000,75000,0.08,79462,0,0,0,0,0,0,0,0
2034-12-01,AA16,170,9500000,75000,0.08,79462,0,0,0,0,0,0,0,0
2035-01-01,AA16,171,9500000,75000,0.08,79462,0,0,0,0,0,0,0,0
2035-02-01,AA16,172,9500000,75000,0.08,79462,0,0,0,0,0,0,0,0
2035-03-01,AA16,173,9500000,75000,0.08,79462,0,0,0,0,0,0,0,0
2035-04-01,AA16,174,9500000,75000,0.08,79462,0,0,0,0,0,0,0,0
2035-05-01,AA16,175,9500000,75000,0.08,79462,0,0,0,0,0,0,0,0
2035-06-01,AA16,176,9500000,75000,0.08,79462,0,0,0,0,0,0,0,0
2035-07-01,AA16,177,9500000,75000,0.08,79462,0,0,0,0,0,0,0,0
2035-08-01,AA16,178,9500000,75000,0.08,79462,0,0,0,0,0,0,0,0
2035-09-01,AA16,179,9500000,75000,0.08,79462,0,0,0,0,0,0,0,0
2035-10-01,AA16,180,9500000,75000,0.08,79462,0,0,0,0,0,0,0,0
2035-11-01,AA16,181,9500000,75000,0.08,79462,0,0,0,0,0,0,0,0
2035-12-01,AA16,182,9500000,75000,0.08,79462,0,0,0,0,0,0,0,0
2036-01-01,AA16,183,9500000,75000,0.08,79462,0,0,0,0,0,0,0,0
2036-02-01,AA16,184,9500000,75000,0.08,79462,0,0,0,0,0,0,0,0
2036-03-01,AA16,185,9500000,75000,0.08,79462,0,0,0,0,0,0,0,0
2036-04-01,AA16,186,9500000,75000,0.08,79462,0,0,0,0,0,0,0,0
2036-05-01,AA16,187,9500000,75000,0.08,79462,0,0,0,0,0,0,0,0
2036-06-01,AA16,188,9500000,75000,0.08,79462,0,0,0,0,0,0,0,0
2036-07-01,AA16,189,9500000,75000,0.08,79462,0,0,0,0,0,0,0,0
2036-08-01,AA16,190,9500000,75000,0.08,79462,0,0,0,0,0,0,0,0
2036-09-01,AA16,191,9500000,75000,0.08,79462,0,0,0,0,0,0,0,0
2036-10-01,AA16,192,9500000,75000,0.08,79462,0,0,0,0,0,0,0,0
2036-11-01,AA16,193,9500000,75000,0.08,79462,0,0,0,0,0,0,0,0
2036-12-01,AA16,194,9500000,75000,0.08,79462,0,0,0,0,0,0,0,0
2037-01-01,AA16,195,9500000,75000,0.08,79462,0,0,0,0,0,0,0,0
2037-02-01,AA16,196,9500000,75000,0.08,79462,0,0,0,0,0,0,0,0
2037-03-01,AA16,197,9500000,75000,0.08,79462,0,0,0,0,0,0,0,0
2037-04-01,AA16,198,9500000,75000,0.08,79462,0,0,0,0,0,0,0,0
2037-05-01,AA16,199,9500000,75000,0.08,79462,0,0,0,0,0,0,0,0
2037-06-01,AA16,200,9500000,75000,0.08,79462,0,0,0,0,0,0,0,0
2037-07-01,AA16,201,9500000,75000,0.08,79462,0,0,0,0,0,0,0,0
2037-08-01,AA16,202,9500000,75000,0.08,79462,0,0,0,0,0,0,0,0
2037-09-01,AA16,203,9500000,75000,0.08,79462,0,0,0,0,0,0,0,0
2037-10-01,AA16,204,9500000,75000,0.08,79462,0,0,0,0,0,0,0,0
2037-11-01,AA16,205,9500000,75000,0.08,79462,0,0,0,0,0,0,0,0
2037-12-01,AA16,206,9500000,75000,0.08,79462,0,0,0,0,0,0,0,0
2038-01-01,AA16,207,9500000,75000,0.08,79462,0,0,0,0,0,0,0,0
2038-02-01,AA16,208,9500000,75000,0.08,79462,0,0,0,0,0,0,0,0
2038-03-01,AA16,209,9500000,75000,0.08,79462,0,0,0,0,0,0,0,0
2038-04-01,AA16,210,9500000,75000,0.08,79462,0,0,0,0,0,0,0,0
2038-05-01,AA16,211,9500000,75000,0.08,79462,0,0,0,0,0,0,0,0
2038-06-01,AA16,212,9500000,75000,0.08,79462,0,0,0,0,0,0,0,0
2038-07-01,AA16,213,9500000,75000,0.08,79462,0,0,0,0,0,0,0,0
2038-08-01,AA16,214,9500000,75000,0.08,79462,0,0,0,0,0,0,0,0
2038-09-01,AA16,215,9500000,75000,0.08,79462,0,0,0,0,0,0,0,0
2038-10-01,AA16,216,9500000,75000,0.08,79462,0,0,0,0,0,0,0,0
2038-11-01,AA16,217,9500000,75000,0.08,79462,0,0,0,0,0,0,0,0
2038-12-01,AA16,218,9500000,75000,0.08,79462,0,0,0,0,0,0,0,0
2039-01-01,AA16,219,9500000,75000,0.08,79462,0,0,0,0,0,0,0,0
2039-02-01,AA16,220,9500000,75000,0.08,79462,0,0,0,0,0,0,0,0
2039-03-01,AA16,221,9500000,75000,0.08,79462,0,0,0,0,0,0,0,0
2039-04-01,AA16,222,9500000,75000,0.08,79462,0,0,0,0,0,0,0,0
2039-05-01,AA16,223,9500000,75000,0.08,79462,0,0,0,0,0,0,0,0
2039-06-01,AA16,224,9500000,75000,0.08,79462,0,0,0,0,0,0,0,0
2039-07-01,AA16,225,9500000,75000,0.08,79462,0,0,0,0,0,0,0,0
2039-08-01,AA16,226,9500000,75000,0.08,79462,0,0,0,0,0,0,0,0
2039-09-01,AA16,227,9500000,75000,0.08,79462,0,0,0,0,0,0,0,0
2039-10-01,AA16,228,9500000,75000,0.08,79462,0,0,0,0,0,0,0,0
2039-11-01,AA16,229,9500000,75000,0.08,79462,0,0,0,0,0,0,0,0
2039-12-01,AA16,230,9500000,75000,0.08,79462,0,0,0,0,0,0,0,0
2040-01-01,AA16,231,9500000,75000,0.08,79462,0,0,0,0,0,0,0,0
2040-02-01,AA16,232,9500000,75000,0.08,79462,0,0,0,0,0,0,0,0
2040-03-01,AA16,233,9500000,75000,0.08,79462,0,0,0,0,0,0,0,0
2040-04-01,AA16,234,9500000,75000,0.08,79462,0,0,0,0,0,0,0,0
2040-05-01,AA16,235,9500000,75000,0.08,79462,0,0,0,0,0,0,0,0
2040-06-01,AA16,236,9500000,75000,0.08,79462,0,0,0,0,0,0,0,0
2040-07-01,AA16,237,9500000,75000,0.08,79462,0,0,0,0,0,0,0,0
2040-08-01,AA16,238,9500000,75000,0.08,79462,0,0,0,0,0,0,0,0
2040-09-01,AA16,239,9500000,75000,0.08,79462,0,0,0,0,0,0,0,0
2040-10-01,AA16,240,9500000,75000,0.08,79462,0,0,0,0,0,0,0,0
